utc,sample_sequence,timestamp_ms,static_input_ug,dynamic_input_ug,low_limit_ug,high_limit_ug,static_immediate,static_class,static_stable_count,static_reason,dynamic_immediate,dynamic_candidate,dynamic_confirmed,dynamic_confirm_count,dynamic_reason,process_active,valid,event_count,formal_state,formal_alarm_active,formal_green,formal_yellow,formal_red,formal_internal_buzzer,formal_external_buzzer,official_stable,official_overload,fault,overrun,dirty,save_count,revision,saved_revision,r5_input_ug
2026-09-21T07:35:50.370Z,74145,7426827,-84475,-92359,0,0,2,1,1,8,2,2,2,15,0,0,1,0,0,0,0,0,0,0,0,1,0,0,0,0,0,8,8,-84400
2026-09-21T07:35:50.466Z,74146,7426967,-85601,-99117,0,0,2,1,2,8,2,2,2,15,0,0,1,0,0,0,0,0,0,0,0,1,0,0,0,0,0,8,8,-85600
2026-09-21T07:35:50.560Z,74147,7427062,-86728,-79970,0,0,2,2,3,0,2,2,2,15,0,0,1,0,0,0,0,0,0,0,0,1,0,0,0,0,0,8,8,-86700
2026-09-21T07:35:50.657Z,74148,7427157,-85601,-75464,0,0,2,2,4,0,2,2,2,15,0,0,1,0,0,0,0,0,0,0,0,1,0,0,0,0,0,8,8,-85600
2026-09-21T07:35:50.751Z,74149,7427252,-84475,-79970,0,0,2,2,5,0,2,2,2,15,0,0,1,0,0,0,0,0,0,0,0,1,0,0,0,0,0,8,8,-84400
2026-09-21T07:35:50.846Z,74150,7427348,-83349,-65327,0,0,2,2,6,0,2,2,2,15,0,0,1,0,0,0,0,0,0,0,0,1,0,0,0,0,0,8,8,-83300
2026-09-21T07:35:50.941Z,74151,7427442,-83349,-103623,0,0,2,2,7,0,2,2,2,15,0,0,1,0,0,0,0,0,0,0,0,1,0,0,0,0,0,8,8,-83300
2026-09-21T07:35:51.037Z,74152,7427538,-83349,-86728,0,0,2,2,8,0,2,2,2,15,0,0,1,0,0,0,0,0,0,0,0,1,0,0,0,0,0,8,8,-83300
2026-09-21T07:35:51.113Z,74153,7427633,-83349,-79970,0,0,2,2,9,0,2,2,2,15,0,0,1,0,0,0,0,0,0,0,0,1,0,0,0,0,0,8,8,-83300
2026-09-21T07:35:51.207Z,74154,7427728,-83349,-86728,0,0,2,2,10,0,2,2,2,15,0,0,1,0,0,0,0,0,0,0,0,1,0,0,0,0,0,8,8,-83300
2026-09-21T07:35:51.299Z,74155,7427828,-83349,-87854,0,0,2,2,11,0,2,2,2,15,0,0,1,0,0,0,0,0,0,0,0,1,0,0,0,0,0,8,8,-83300
2026-09-21T07:35:51.391Z,74156,7427929,-83349,-81096,0,0,2,2,12,0,2,2,2,15,0,0,1,0,0,0,0,0,0,0,0,1,0,0,0,0,0,8,8,-83300
2026-09-21T07:35:51.487Z,74157,7428029,-83349,-76591,0,0,2,2,13,0,2,2,2,15,0,0,1,0,0,0,0,0,0,0,0,1,0,0,0,0,0,8,8,-83300
2026-09-21T07:35:51.676Z,74158,7428178,-83349,-93486,0,0,2,2,14,0,2,2,2,15,0,0,1,0,0,0,0,0,0,0,0,1,0,0,0,0,0,8,8,-83300
2026-09-21T07:35:51.756Z,74159,7428273,-83349,-82222,0,0,2,2,15,0,2,2,2,15,0,0,1,0,0,0,0,0,0,0,0,1,0,0,0,0,0,8,8,-83300
2026-09-21T07:35:51.836Z,74160,7428351,-84475,-91233,0,0,2,2,16,0,2,2,2,15,0,0,1,0,0,0,0,0,0,0,0,1,0,0,0,0,0,8,8,-84400
2026-09-21T07:35:51.914Z,74161,7428431,-84475,-84475,0,0,2,2,17,0,2,2,2,15,0,0,1,0,0,0,0,0,0,0,0,1,0,0,0,0,0,8,8,-84400
2026-09-21T07:35:52.007Z,74162,7428530,-84475,-86728,0,0,2,2,18,0,2,2,2,15,0,0,1,0,0,0,0,0,0,0,0,1,0,0,0,0,0,8,8,-84400
2026-09-21T07:35:52.098Z,74163,7428630,-84475,-94612,0,0,2,2,19,0,2,2,2,15,0,0,1,0,0,0,0,0,0,0,0,1,0,0,0,0,0,8,8,-84400
2026-09-21T07:35:52.257Z,74164,7428775,-85601,-94612,0,0,2,2,20,0,2,2,2,15,0,0,1,0,0,0,0,0,0,0,0,1,0,0,0,0,0,8,8,-85600
2026-09-21T07:35:52.337Z,74165,7428853,-86728,-84475,0,0,2,2,21,0,2,2,2,15,0,0,1,0,0,0,0,0,0,0,0,1,0,0,0,0,0,8,8,-86700
2026-09-21T07:35:52.414Z,74166,7428932,-86728,-79970,0,0,2,2,22,0,2,2,2,15,0,0,1,0,0,0,0,0,0,0,0,1,0,0,0,0,0,8,8,-86700
2026-09-21T07:35:52.507Z,74167,7429030,-85601,-81096,0,0,2,2,23,0,2,2,2,15,0,0,1,0,0,0,0,0,0,0,0,1,0,0,0,0,0,8,8,-85600
2026-09-21T07:35:52.598Z,74168,7429130,-84475,-81096,0,0,2,2,24,0,2,2,2,15,0,0,1,0,0,0,0,0,0,0,0,1,0,0,0,0,0,8,8,-84400
2026-09-21T07:35:52.756Z,74169,7429275,-84475,-75464,0,0,2,2,25,0,2,2,2,15,0,0,1,0,0,0,0,0,0,0,0,1,0,0,0,0,0,8,8,-84400
2026-09-21T07:35:52.836Z,74170,7429353,-83349,-75464,0,0,2,2,26,0,2,2,2,15,0,0,1,0,0,0,0,0,0,0,0,1,0,0,0,0,0,8,8,-83300
2026-09-21T07:35:52.914Z,74171,7429431,-82222,-75464,0,0,2,2,27,0,2,2,2,15,0,0,1,0,0,0,0,0,0,0,0,1,0,0,0,0,0,8,8,-82200
2026-09-21T07:35:53.007Z,74172,7429531,-81096,-104749,0,0,2,2,28,0,2,2,2,15,0,0,1,0,0,0,0,0,0,0,0,1,0,0,0,0,0,8,8,-81000
2026-09-21T07:35:53.099Z,74173,7429631,-84475,-110381,0,0,2,2,29,0,2,2,2,15,0,0,1,0,0,0,0,0,0,0,0,1,0,0,0,0,0,8,8,-84400
2026-09-21T07:35:53.192Z,74174,7429731,-86728,-90107,0,0,2,2,30,0,2,2,2,15,0,0,1,0,0,0,0,0,0,0,0,1,0,0,0,0,0,8,8,-86700
2026-09-21T07:35:53.351Z,74175,7429868,-86728,-79970,0,0,2,2,31,0,2,2,2,15,0,0,1,0,0,0,0,0,0,0,0,1,0,0,0,0,0,8,8,-86700
2026-09-21T07:35:53.428Z,74176,7429948,-86728,-111507,0,0,2,2,32,0,2,2,2,15,0,0,1,0,0,0,0,0,0,0,0,1,0,0,0,0,0,8,8,-86700
2026-09-21T07:35:53.520Z,74177,7430033,-87854,-96865,0,0,2,2,33,0,2,2,2,15,0,0,1,0,0,0,0,0,0,0,0,1,0,0,0,0,0,8,8,-87800
2026-09-21T07:35:53.596Z,74178,7430133,-88980,-75464,0,0,2,2,34,0,2,2,2,15,0,0,1,0,0,0,0,0,0,0,0,1,0,0,0,0,0,8,8,-88900
2026-09-21T07:35:53.690Z,74179,7430233,-90107,-95738,0,0,2,2,35,0,2,2,2,15,0,0,1,0,0,0,0,0,0,0,0,1,0,0,0,0,0,8,8,-90100
2026-09-21T07:35:53.879Z,74180,7430381,-91233,-105875,0,0,2,2,36,0,2,2,2,15,0,0,1,0,0,0,0,0,0,0,0,1,0,0,0,0,0,8,8,-91200
2026-09-21T07:35:53.975Z,74181,7430475,-92359,-103623,0,0,2,2,37,0,2,2,2,15,0,0,1,0,0,0,0,0,0,0,0,1,0,0,0,0,0,8,8,-92300
2026-09-21T07:35:54.056Z,74182,7430570,-93486,-95738,0,0,2,2,38,0,2,2,2,15,0,0,1,0,0,0,0,0,0,0,0,1,0,0,0,0,0,8,8,-93400
2026-09-21T07:35:54.136Z,74183,7430651,-94612,-100244,0,0,2,2,39,0,2,2,2,15,0,0,1,0,0,0,0,0,0,0,0,1,0,0,0,0,0,8,8,-94600
2026-09-21T07:35:54.229Z,74184,7430734,-94612,-85601,0,0,2,2,40,0,2,2,2,15,0,0,1,0,0,0,0,0,0,0,0,1,0,0,0,0,0,8,8,-94600
2026-09-21T07:35:54.320Z,74185,7430833,-94612,-96865,0,0,2,2,41,0,2,2,2,15,0,0,1,0,0,0,0,0,0,0,0,1,0,0,0,0,0,8,8,-94600
2026-09-21T07:35:54.412Z,74186,7430933,-94612,-94612,0,0,2,2,42,0,2,2,2,15,0,0,1,0,0,0,0,0,0,0,0,1,0,0,0,0,0,8,8,-94600
2026-09-21T07:35:54.490Z,74187,7431034,-94612,-96865,0,0,2,2,43,0,2,2,2,15,0,0,1,0,0,0,0,0,0,0,0,1,0,0,0,0,0,8,8,-94600
2026-09-21T07:35:54.649Z,74188,7431167,-94612,-101370,0,0,2,2,44,0,2,2,2,15,0,0,1,0,0,0,0,0,0,0,0,1,0,0,0,0,0,8,8,-94600
2026-09-21T07:35:54.726Z,74189,7431246,-94612,-93486,0,0,2,2,45,0,2,2,2,15,0,0,1,0,0,0,0,0,0,0,0,1,0,0,0,0,0,8,8,-94600
2026-09-21T07:35:54.818Z,74190,7431334,-95738,-102496,0,0,2,2,46,0,2,2,2,15,0,0,1,0,0,0,0,0,0,0,0,1,0,0,0,0,0,8,8,-95700
2026-09-21T07:35:54.909Z,74191,7431434,-95738,-99117,0,0,2,2,47,0,2,2,2,15,0,0,1,0,0,0,0,0,0,0,0,1,0,0,0,0,0,8,8,-95700
2026-09-21T07:35:55.001Z,74192,7431534,-95738,-88980,0,0,2,2,48,0,2,2,2,15,0,0,1,0,0,0,0,0,0,0,0,1,0,0,0,0,0,8,8,-95700
2026-09-21T07:35:55.093Z,74193,7431634,-95738,-96865,0,0,2,2,49,0,2,2,2,15,0,0,1,0,0,0,0,0,0,0,0,1,0,0,0,0,0,8,8,-95700
2026-09-21T07:35:55.284Z,74194,7431786,-94612,-91233,0,0,2,2,50,0,2,2,2,15,0,0,1,0,0,0,0,0,0,0,0,1,0,0,0,0,0,8,8,-94600
2026-09-21T07:35:55.379Z,74195,7431880,-94612,-90107,0,0,2,2,51,0,2,2,2,15,0,0,1,0,0,0,0,0,0,0,0,1,0,0,0,0,0,8,8,-94600
