frame_sequence,device_timestamp_ms,message_type,measurement_sequence,display_mass_ug,net_mass_ug,gross_mass_ug,tare_mass_ug,stable,display_locked,overload,unit,dp,division,display_mass_g,host_timestamp
25201,3600409,1,35940,500076601,500055197,500055197,0,1,1,0,1,2,1,500.076601,1789155873.9539094
25202,3600609,1,35942,500076601,500055197,500055197,0,1,1,0,1,2,1,500.076601,1789155874.148721
25203,3600809,1,35944,500076601,500055197,500055197,0,1,1,0,1,2,1,500.076601,1789155874.3584833
25204,3601009,1,35946,500076601,500054071,500054071,0,1,1,0,1,2,1,500.076601,1789155874.750142
25207,3601209,1,35948,500076601,500051818,500051818,0,1,1,0,1,2,1,500.076601,1789155874.750142
25208,3601409,1,35950,500076601,500051818,500051818,0,1,1,0,1,2,1,500.076601,1789155874.9593
25209,3601609,1,35952,500076601,500056324,500056324,0,1,1,0,1,2,1,500.076601,1789155875.1540895
25210,3601809,1,35954,500076601,500054071,500054071,0,1,1,0,1,2,1,500.076601,1789155875.3483977
25211,3602009,1,35956,500076601,500052945,500052945,0,1,1,0,1,2,1,500.076601,1789155875.7554648
25214,3602209,1,35958,500076601,500054071,500054071,0,1,1,0,1,2,1,500.076601,1789155875.7554648
25215,3602409,1,35960,500076601,500055197,500055197,0,1,1,0,1,2,1,500.076601,1789155875.9488385
25216,3602609,1,35962,500076601,500054071,500054071,0,1,1,0,1,2,1,500.076601,1789155876.1584601
25217,3602809,1,35964,500076601,500052945,500052945,0,1,1,0,1,2,1,500.076601,1789155876.3534462
25218,3603009,1,35966,500076601,500052945,500052945,0,1,1,0,1,2,1,500.076601,1789155876.7604253
25221,3603209,1,35968,500076601,500050692,500050692,0,1,1,0,1,2,1,500.076601,1789155876.7604253
25222,3603409,1,35970,500076601,500048439,500048439,0,1,1,0,1,2,1,500.076601,1789155876.9540875
25223,3603609,1,35972,500076601,500050692,500050692,0,1,1,0,1,2,1,500.076601,1789155877.148352
25224,3603809,1,35974,500076601,500054071,500054071,0,1,1,0,1,2,1,500.076601,1789155877.35865
25225,3604009,1,35976,500076601,500054071,500054071,0,1,1,0,1,2,1,500.076601,1789155877.78079
25228,3604209,1,35978,500076601,500057450,500057450,0,1,1,0,1,2,1,500.076601,1789155877.78079
25229,3604409,1,35980,500076601,500060830,500060830,0,1,1,0,1,2,1,500.076601,1789155877.9590304
25230,3604609,1,35982,500076601,500060830,500060830,0,1,1,0,1,2,1,500.076601,1789155878.1688955
25231,3604809,1,35984,500076601,500061956,500061956,0,1,1,0,1,2,1,500.076601,1789155878.363641
25232,3605009,1,35986,500076601,500061956,500061956,0,1,1,0,1,2,1,500.076601,1789155878.7552402
25235,3605209,1,35988,500076601,500061956,500061956,0,1,1,0,1,2,1,500.076601,1789155878.7552402
25236,3605409,1,35990,500076601,500063083,500063083,0,1,1,0,1,2,1,500.076601,1789155878.9489403
25237,3605609,1,35992,500076601,500063083,500063083,0,1,1,0,1,2,1,500.076601,1789155879.1590376
25238,3605809,1,35994,500076601,500063083,500063083,0,1,1,0,1,2,1,500.076601,1789155879.354045
25239,3606009,1,35996,500076601,500065336,500065336,0,1,1,0,1,2,1,500.076601,1789155879.7602785
25242,3606209,1,35998,500076601,500060830,500060830,0,1,1,0,1,2,1,500.076601,1789155879.7602785
25243,3606409,1,36000,500076601,500056324,500056324,0,1,1,0,1,2,1,500.076601,1789155879.9836154
25244,3606609,1,36002,500076601,500060830,500060830,0,1,1,0,1,2,1,500.076601,1789155880.1484945
25245,3606809,1,36004,500076601,500060830,500060830,0,1,1,0,1,2,1,500.076601,1789155880.358587
25246,3607009,1,36006,500076601,500058577,500058577,0,1,1,0,1,2,1,500.076601,1789155880.7503514
25249,3607209,1,36008,500076601,500058577,500058577,0,1,1,0,1,2,1,500.076601,1789155880.7503514
25250,3607409,1,36010,500076601,500058577,500058577,0,1,1,0,1,2,1,500.076601,1789155880.9580104
25251,3607609,1,36012,500076601,500060830,500060830,0,1,1,0,1,2,1,500.076601,1789155881.153362
25252,3607809,1,36014,500076601,500065336,500065336,0,1,1,0,1,2,1,500.076601,1789155881.3478475
25253,3608009,1,36016,500076601,500065336,500065336,0,1,1,0,1,2,1,500.076601,1789155881.755349
25256,3608209,1,36018,500076601,500064209,500064209,0,1,1,0,1,2,1,500.076601,1789155881.755349
25257,3608409,1,36020,500076601,500065336,500065336,0,1,1,0,1,2,1,500.076601,1789155881.9478862
25258,3608609,1,36022,500076601,500067589,500067589,0,1,1,0,1,2,1,500.076601,1789155882.1882696
25259,3608809,1,36024,500076601,500068715,500068715,0,1,1,0,1,2,1,500.076601,1789155882.3529985
25260,3609009,1,36026,500076601,500068715,500068715,0,1,1,0,1,2,1,500.076601,1789155882.760101
25263,3609209,1,36028,500076601,500066462,500066462,0,1,1,0,1,2,1,500.076601,1789155882.760101
25264,3609409,1,36030,500076601,500066462,500066462,0,1,1,0,1,2,1,500.076601,1789155882.952784
25265,3609609,1,36032,500076601,500066462,500066462,0,1,1,0,1,2,1,500.076601,1789155883.1484017
25266,3609809,1,36034,500076601,500064209,500064209,0,1,1,0,1,2,1,500.076601,1789155883.3581617
25267,3610009,1,36036,500076601,500061956,500061956,0,1,1,0,1,2,1,500.076601,1789155883.7502875
25270,3610209,1,36038,500076601,500058577,500058577,0,1,1,0,1,2,1,500.076601,1789155883.7502875
25271,3610409,1,36040,500076601,500058577,500058577,0,1,1,0,1,2,1,500.076601,1789155883.9577022
25272,3610609,1,36042,500076601,500060830,500060830,0,1,1,0,1,2,1,500.076601,1789155884.1530328
25273,3610809,1,36044,500076601,500065336,500065336,0,1,1,0,1,2,1,500.076601,1789155884.348399
25274,3611009,1,36046,500076601,500060830,500060830,0,1,1,0,1,2,1,500.076601,1789155884.7693484
25277,3611209,1,36048,500076601,500058577,500058577,0,1,1,0,1,2,1,500.076601,1789155884.7693484
25278,3611409,1,36050,500076601,500061956,500061956,0,1,1,0,1,2,1,500.076601,1789155884.948871
25279,3611609,1,36052,500076601,500067589,500067589,0,1,1,0,1,2,1,500.076601,1789155885.1586678
25280,3611809,1,36054,500076601,500065336,500065336,0,1,1,0,1,2,1,500.076601,1789155885.3534586
25281,3612009,1,36056,500076601,500066462,500066462,0,1,1,0,1,2,1,500.076601,1789155885.7898805
25284,3612209,1,36058,500076601,500065336,500065336,0,1,1,0,1,2,1,500.076601,1789155885.7898805
25285,3612409,1,36060,500076601,500060830,500060830,0,1,1,0,1,2,1,500.076601,1789155885.9540246
25286,3612609,1,36062,500076601,500058577,500058577,0,1,1,0,1,2,1,500.076601,1789155886.1490874
25287,3612809,1,36064,500076601,500058577,500058577,0,1,1,0,1,2,1,500.076601,1789155886.3583667
25288,3613009,1,36066,500076601,500058577,500058577,0,1,1,0,1,2,1,500.076601,1789155886.7648056
25291,3613209,1,36068,500076601,500059703,500059703,0,1,1,0,1,2,1,500.076601,1789155886.7653103
25292,3613409,1,36070,500076601,500061956,500061956,0,1,1,0,1,2,1,500.076601,1789155886.9575813
25293,3613609,1,36072,500076601,500064209,500064209,0,1,1,0,1,2,1,500.076601,1789155887.1528816
25294,3613809,1,36074,500076601,500066462,500066462,0,1,1,0,1,2,1,500.076601,1789155887.3631265
25295,3614009,1,36076,500076601,500065336,500065336,0,1,1,0,1,2,1,500.076601,1789155887.7549627
25298,3614209,1,36078,500076601,500068715,500068715,0,1,1,0,1,2,1,500.076601,1789155887.7549627
25299,3614409,1,36080,500076601,500070968,500070968,0,1,1,0,1,2,1,500.076601,1789155887.948221
25300,3614609,1,36082,500076601,500067589,500067589,0,1,1,0,1,2,1,500.076601,1789155888.1577897
25301,3614809,1,36084,500076601,500068715,500068715,0,1,1,0,1,2,1,500.076601,1789155888.3531806
25302,3615009,1,36086,500076601,500067589,500067589,0,1,1,0,1,2,1,500.076601,1789155888.7592123
25305,3615209,1,36088,500076601,500066462,500066462,0,1,1,0,1,2,1,500.076601,1789155888.7602122
25306,3615409,1,36090,500076601,500070968,500070968,0,1,1,0,1,2,1,500.076601,1789155888.9528854
