utc,host_monotonic_ns,firmware,map,gross_ug,raw_adc,filtered_adc_counts,display_count,sample_sequence,mcu_uptime_ms,fault_mask,overrun_count,dirty,revision,saved_revision,r5_mode,r5_application,candidate_state,candidate_reason,candidate_corrected_ug,candidate_offset_ug,candidate_gate_count,candidate_rebuild_count,candidate_boost_samples,candidate_obvious_sequence,candidate_robust_sequence,candidate_quiet_sequence,candidate_reference_lock_sequence,candidate_first_correction_sequence,status_flags,checkweigh_mode,candidate_sample_sequence,candidate_mcu_uptime_ms,candidate_uncompensated_ug,sample_pair_matched
2026-09-28T04:03:00.383420+00:00,311464406000000,0x051D,0x0105,0,0,0,0,0,0,0,0,0,19,19,0,,0,0,0,0,0,0,0,0,0,0,0,0,0,0,0,0,0,1
2026-09-28T04:03:00.425491+00:00,311464453000000,0x051D,0x0105,0,0,0,0,0,0,0,0,0,19,19,0,,0,0,0,0,0,0,0,0,0,0,0,0,0,,0,0,0,1
2026-09-28T04:03:00.469498+00:00,311464500000000,0x051D,0x0105,0,0,0,0,0,0,0,0,0,19,19,0,,0,0,0,0,0,0,0,0,0,0,0,0,0,,0,0,0,1
2026-09-28T04:03:00.565021+00:00,311464593000000,0x051D,0x0105,0,0,0,0,0,0,0,0,0,19,19,0,,0,0,0,0,0,0,0,0,0,0,0,0,0,,0,0,0,1
2026-09-28T04:03:00.670979+00:00,311464687000000,0x051D,0x0105,0,0,0,0,0,0,0,0,0,19,19,0,,0,0,0,0,0,0,0,0,0,0,0,0,0,,0,0,0,1
2026-09-28T04:03:00.781680+00:00,311464812000000,0x051D,0x0105,0,0,0,0,0,0,0,0,0,19,19,0,,0,0,0,0,0,0,0,0,0,0,0,0,0,,0,0,0,1
2026-09-28T04:03:00.867292+00:00,311464890000000,0x051D,0x0105,0,0,0,0,0,0,0,0,0,19,19,0,,0,0,0,0,0,0,0,0,0,0,0,0,0,,0,0,0,1
2026-09-28T04:03:00.976669+00:00,311465000000000,0x051D,0x0105,0,42064,42064,0,1,916,0,0,0,19,19,0,,0,0,0,0,0,0,0,0,0,0,0,0,65536,,1,916,0,1
2026-09-28T04:03:01.075904+00:00,311465093000000,0x051D,0x0105,0,42064,42064,0,1,916,0,0,0,19,19,0,,0,0,0,0,0,0,0,0,0,0,0,0,65536,,2,1018,0,0
2026-09-28T04:03:01.180751+00:00,311465203000000,0x051D,0x0105,221891,42058,42065,22,3,1116,0,0,0,19,19,0,,0,0,221891,0,0,0,0,0,0,0,0,0,3080192,,3,1116,221891,1
2026-09-28T04:03:01.279836+00:00,311465296000000,0x051D,0x0105,221891,42062,42065,22,4,1217,0,0,0,19,19,0,,0,0,221891,0,0,0,0,0,0,0,0,0,3080192,0,4,1217,221891,1
2026-09-28T04:03:01.372372+00:00,311465390000000,0x051D,0x0105,221891,42062,42065,22,4,1217,0,0,0,19,19,0,,0,0,226396,0,0,0,0,0,0,0,0,0,3080192,,5,1317,226396,0
2026-09-28T04:03:01.481867+00:00,311465500000000,0x051D,0x0105,234281,42080,42076,23,6,1417,0,0,0,19,19,0,,0,0,234281,0,0,0,0,0,0,0,0,0,3080192,,6,1417,234281,1
2026-09-28T04:03:01.580846+00:00,311465609000000,0x051D,0x0105,245544,42091,42086,25,7,1517,0,0,0,19,19,0,,0,0,245544,0,0,0,0,0,0,0,0,0,3080192,,7,1517,245544,1
2026-09-28T04:03:01.668450+00:00,311465687000000,0x051D,0x0105,245544,42091,42086,25,7,1517,0,0,0,19,19,0,,0,0,245544,0,0,0,0,0,0,0,0,0,3080192,,8,1617,245544,0
2026-09-28T04:03:01.780903+00:00,311465796000000,0x051D,0x0105,247797,42086,42088,25,9,1718,0,0,0,19,19,0,,0,0,247797,0,0,0,0,0,0,0,0,0,3080192,,9,1718,247797,1
2026-09-28T04:03:01.866919+00:00,311465890000000,0x051D,0x0105,247797,42086,42088,25,9,1718,0,0,0,19,19,0,,0,0,241039,0,0,0,0,0,0,0,0,0,3080192,,10,1818,241039,0
2026-09-28T04:03:01.974199+00:00,311466000000000,0x051D,0x0105,241039,42074,42082,24,10,1818,0,0,0,19,19,0,,0,0,234281,0,0,0,0,0,0,0,0,0,3080192,,11,1918,234281,0
2026-09-28T04:03:02.072859+00:00,311466093000000,0x051D,0x0105,234281,42068,42076,23,11,1918,0,0,0,19,19,0,,0,0,233154,0,0,0,0,0,0,0,0,0,3080192,,12,2018,233154,0
2026-09-28T04:03:02.179949+00:00,311466203000000,0x051D,0x0105,233154,42084,42075,23,12,2018,0,0,0,19,19,0,,0,0,238786,0,0,0,0,0,0,0,0,0,3080192,,13,2120,238786,0
2026-09-28T04:03:02.274996+00:00,311466296000000,0x051D,0x0105,238786,42089,42080,24,13,2120,0,0,0,19,19,0,,0,0,251176,0,0,0,0,0,0,0,0,0,3080192,0,14,2219,251176,0
2026-09-28T04:03:02.368630+00:00,311466390000000,0x051D,0x0105,251176,42101,42091,25,14,2219,0,0,0,19,19,0,,0,0,259060,0,0,0,0,0,0,0,0,0,3080192,,15,2319,259060,0
2026-09-28T04:03:02.479173+00:00,311466500000000,0x051D,0x0105,259060,42103,42098,26,15,2319,0,0,0,19,19,0,,0,0,256808,0,0,0,0,0,0,0,0,0,3080192,,16,2419,256808,0
2026-09-28T04:03:02.580785+00:00,311466609000000,0x051D,0x0105,256808,42084,42096,26,16,2419,0,0,0,19,19,0,,0,0,252302,0,0,0,0,0,0,0,0,0,3080192,,17,2520,252302,0
2026-09-28T04:03:02.669388+00:00,311466687000000,0x051D,0x0105,252302,42089,42092,25,17,2520,0,0,0,19,19,0,,0,0,247797,0,0,0,0,0,0,0,0,0,3080192,,18,2619,247797,0
2026-09-28T04:03:02.782127+00:00,311466812000000,0x051D,0x0105,256808,42107,42096,26,19,2720,0,0,0,19,19,0,,0,0,256808,0,0,0,0,0,0,0,0,0,3080192,,19,2720,256808,1
2026-09-28T04:03:02.868202+00:00,311466890000000,0x051D,0x0105,256808,42107,42096,26,19,2720,0,0,0,19,19,0,,0,0,254555,0,0,0,0,0,0,0,0,0,3080192,,20,2820,254555,0
2026-09-28T04:03:02.975745+00:00,311467000000000,0x051D,0x0105,254555,42085,42094,25,20,2820,0,0,0,19,19,0,,0,0,256808,0,0,0,0,0,0,0,0,0,4128768,,21,2920,256808,0
2026-09-28T04:03:03.072364+00:00,311467093000000,0x051D,0x0105,256808,42095,42096,26,21,2920,0,0,0,19,19,0,,0,0,251176,0,0,0,0,0,0,0,0,0,4128768,,22,3020,251176,0
2026-09-28T04:03:03.175899+00:00,311467203000000,0x051D,0x0105,251176,42094,42091,25,22,3020,0,0,0,19,19,0,,0,0,255681,0,0,0,0,0,0,0,0,0,4128768,,23,3120,255681,0
2026-09-28T04:03:03.271478+00:00,311467296000000,0x051D,0x0105,255681,42095,42095,26,23,3120,0,0,0,19,19,0,,0,0,254555,0,0,0,0,0,0,0,0,0,4128768,0,24,3221,254555,0
2026-09-28T04:03:03.382783+00:00,311467406000000,0x051D,0x0105,253429,42090,42093,25,25,3321,0,0,0,19,19,0,,0,0,253429,0,0,0,0,0,0,0,0,0,4128768,,25,3321,253429,1
2026-09-28T04:03:03.473383+00:00,311467500000000,0x051D,0x0105,253429,42090,42093,25,25,3321,0,0,0,19,19,0,,0,0,252302,0,0,0,0,0,0,0,0,0,4128768,,26,3421,252302,0
2026-09-28T04:03:03.569981+00:00,311467593000000,0x051D,0x0105,252302,42094,42092,25,26,3421,0,0,0,19,19,0,,0,0,253429,0,0,0,0,0,0,0,0,0,4128768,,27,3521,253429,0
2026-09-28T04:03:03.672031+00:00,311467687000000,0x051D,0x0105,253429,42095,42093,25,27,3521,0,0,0,19,19,0,,0,0,254555,0,0,0,0,0,0,0,0,0,4128768,,28,3621,254555,0
2026-09-28T04:03:03.783251+00:00,311467812000000,0x051D,0x0105,255681,42099,42095,26,29,3722,0,0,0,19,19,0,,0,0,255681,0,0,0,0,0,0,0,0,0,4128768,,29,3722,255681,1
2026-09-28T04:03:03.869363+00:00,311467890000000,0x051D,0x0105,255681,42099,42095,26,29,3722,0,0,0,19,19,0,,0,0,256808,0,0,0,0,0,0,0,0,0,4128768,,30,3822,256808,0
2026-09-28T04:03:03.976441+00:00,311468000000000,0x051D,0x0105,256808,42096,42096,25,30,3822,0,0,0,19,19,0,,0,0,255681,0,0,0,0,0,0,0,0,0,4128768,,31,3922,255681,0
2026-09-28T04:03:04.072475+00:00,311468093000000,0x051D,0x0105,255681,42090,42095,25,31,3922,0,0,0,19,19,0,,0,0,255681,0,0,0,0,0,0,0,0,0,4128768,,32,4022,255681,0
2026-09-28T04:03:04.178172+00:00,311468203000000,0x051D,0x0105,255681,42098,42095,25,32,4022,0,0,0,19,19,0,,0,0,255681,0,0,0,0,0,0,0,0,0,4128768,,33,4122,255681,0
2026-09-28T04:03:04.272823+00:00,311468296000000,0x051D,0x0105,255681,42096,42095,25,33,4122,0,0,0,19,19,0,,0,0,256808,0,0,0,0,0,0,0,0,0,4128768,0,34,4222,256808,0
2026-09-28T04:03:04.385125+00:00,311468406000000,0x051D,0x0105,259060,42104,42098,25,35,4323,0,0,0,19,19,0,,0,0,259060,0,0,0,0,0,0,0,0,0,4128768,,35,4323,259060,1
2026-09-28T04:03:04.476212+00:00,311468500000000,0x051D,0x0105,259060,42104,42098,25,35,4323,0,0,0,19,19,0,,0,0,264692,0,0,0,0,0,0,0,0,0,4128768,,36,4423,264692,0
2026-09-28T04:03:04.574184+00:00,311468593000000,0x051D,0x0105,264692,42111,42103,25,36,4423,0,0,0,19,19,0,,0,0,271450,0,0,0,0,0,0,0,0,0,4128768,,37,4523,271450,0
2026-09-28T04:03:04.677316+00:00,311468703000000,0x051D,0x0105,271450,42111,42109,25,37,4523,0,0,0,19,19,0,,0,0,266945,0,0,0,0,0,0,0,0,0,4128768,,38,4623,266945,0
2026-09-28T04:03:04.771984+00:00,311468796000000,0x051D,0x0105,266945,42094,42105,25,38,4623,0,0,0,19,19,0,,0,0,260187,0,0,0,0,0,0,0,0,0,4128768,,39,4723,260187,0
2026-09-28T04:03:04.872056+00:00,311468890000000,0x051D,0x0105,260187,42091,42099,25,39,4723,0,0,0,19,19,0,,0,0,253429,0,0,0,0,0,0,0,0,0,4128768,,40,4824,253429,0
2026-09-28T04:03:04.984155+00:00,311469000000000,0x051D,0x0105,253429,42094,42093,25,40,4824,0,0,0,19,19,0,,0,0,260187,0,0,0,0,0,0,0,0,0,4128768,,41,4924,260187,0
2026-09-28T04:03:05.084248+00:00,311469109000000,0x051D,0x0105,260187,42113,42099,25,41,4924,0,0,0,19,19,0,,0,0,263566,0,0,0,0,0,0,0,0,0,4128768,,42,5025,263566,0
2026-09-28T04:03:05.172763+00:00,311469203000000,0x051D,0x0105,263566,42098,42102,25,42,5025,0,0,0,19,19,0,,0,0,263566,0,0,0,0,0,0,0,0,0,4128768,,43,5124,263566,0
2026-09-28T04:03:05.267991+00:00,311469296000000,0x051D,0x0105,263566,42095,42102,25,43,5124,0,0,0,19,19,0,,0,0,257934,0,0,0,0,0,0,0,0,0,4128768,0,44,5224,257934,0
2026-09-28T04:03:05.377152+00:00,311469406000000,0x051D,0x0105,257934,42099,42097,25,44,5224,0,0,0,19,19,0,,0,0,262439,0,0,0,0,0,0,0,0,0,4128768,,45,5325,262439,0
2026-09-28T04:03:05.469240+00:00,311469500000000,0x051D,0x0105,262439,42108,42101,25,45,5325,0,0,0,19,19,0,,0,0,266945,0,0,0,0,0,0,0,0,0,4128768,,46,5425,266945,0
2026-09-28T04:03:05.568280+00:00,311469593000000,0x051D,0x0105,266945,42107,42105,25,46,5425,0,0,0,19,19,0,,0,0,265818,0,0,0,0,0,0,0,0,0,4128768,,47,5525,265818,0
2026-09-28T04:03:05.672444+00:00,311469703000000,0x051D,0x0105,265818,42097,42104,25,47,5525,0,0,0,19,19,0,,0,0,259060,0,0,0,0,0,0,0,0,0,4128768,,48,5625,259060,0
2026-09-28T04:03:05.769163+00:00,311469796000000,0x051D,0x0105,259060,42089,42098,25,48,5625,0,0,0,19,19,0,,0,0,252302,0,0,0,0,0,0,0,0,0,4128768,,49,5725,252302,0
2026-09-28T04:03:05.871454+00:00,311469890000000,0x051D,0x0105,252302,42089,42092,25,49,5725,0,0,0,19,19,0,,0,0,251176,0,0,0,0,0,0,0,0,0,4128768,,50,5825,251176,0
2026-09-28T04:03:05.978675+00:00,311470000000000,0x051D,0x0105,251176,42094,42091,25,50,5825,0,0,0,19,19,0,,0,0,262439,0,0,0,0,0,0,0,0,0,4128768,,51,5926,262439,0
2026-09-28T04:03:06.075785+00:00,311470093000000,0x051D,0x0105,262439,42119,42101,25,51,5926,0,0,0,19,19,0,,0,0,271450,0,0,0,0,0,0,0,0,0,4128768,,52,6026,271450,0
2026-09-28T04:03:06.179310+00:00,311470203000000,0x051D,0x0105,271450,42113,42109,25,52,6026,0,0,0,19,19,0,,0,0,270324,0,0,0,0,0,0,0,0,0,4128768,,53,6126,270324,0
2026-09-28T04:03:06.274206+00:00,311470296000000,0x051D,0x0105,270324,42091,42108,25,53,6126,0,0,0,19,19,0,,0,0,262439,0,0,0,0,0,0,0,0,0,4128768,0,54,6226,262439,0
2026-09-28T04:03:06.367776+00:00,311470390000000,0x051D,0x0105,262439,42100,42101,25,54,6226,0,0,0,19,19,0,,0,0,261313,0,0,0,0,0,0,0,0,0,4128768,,55,6326,261313,0
2026-09-28T04:03:06.473803+00:00,311470500000000,0x051D,0x0105,261313,42108,42100,25,55,6326,0,0,0,19,19,0,,0,0,269197,0,0,0,0,0,0,0,0,0,4128768,,56,6427,269197,0
2026-09-28T04:03:06.572244+00:00,311470593000000,0x051D,0x0105,269197,42113,42107,25,56,6427,0,0,0,19,19,0,,0,0,270324,0,0,0,0,0,0,0,0,0,4128768,,57,6527,270324,0
2026-09-28T04:03:06.677013+00:00,311470703000000,0x051D,0x0105,270324,42104,42108,25,57,6527,0,0,0,19,19,0,,0,0,272577,0,0,0,0,0,0,0,0,0,4128768,,58,6627,272577,0
2026-09-28T04:03:06.771652+00:00,311470796000000,0x051D,0x0105,272577,42112,42110,25,58,6627,0,0,0,19,19,0,,0,0,271450,0,0,0,0,0,0,0,0,0,4128768,,59,6727,271450,0
2026-09-28T04:03:06.871925+00:00,311470890000000,0x051D,0x0105,271450,42110,42109,25,59,6727,0,0,0,19,19,0,,0,0,273703,0,0,0,0,0,0,0,0,0,4128768,,60,6827,273703,0
2026-09-28T04:03:06.980073+00:00,311471000000000,0x051D,0x0105,273703,42110,42111,26,60,6827,0,0,0,19,19,0,,0,0,271450,0,0,0,0,0,0,0,0,0,4128768,,61,6928,271450,0
2026-09-28T04:03:07.077721+00:00,311471093000000,0x051D,0x0105,271450,42107,42109,26,61,6928,0,0,0,19,19,0,,0,0,269197,0,0,0,0,0,0,0,0,0,4128768,,62,7028,269197,0
2026-09-28T04:03:07.181940+00:00,311471203000000,0x051D,0x0105,269197,42103,42107,26,62,7028,0,0,0,19,19,0,,0,0,265818,0,0,0,0,0,0,0,0,0,4128768,,63,7128,265818,0
2026-09-28T04:03:07.274959+00:00,311471296000000,0x051D,0x0105,265818,42101,42104,26,63,7128,0,0,0,19,19,0,,0,0,256808,0,0,0,0,0,0,0,0,0,4128768,0,64,7228,256808,0
2026-09-28T04:03:07.370539+00:00,311471390000000,0x051D,0x0105,256808,42085,42096,26,64,7228,0,0,0,19,19,0,,0,0,248923,0,0,0,0,0,0,0,0,0,4128768,,65,7328,248923,0
2026-09-28T04:03:07.477262+00:00,311471500000000,0x051D,0x0105,248923,42082,42089,26,65,7328,0,0,0,19,19,0,,0,0,250050,0,0,0,0,0,0,0,0,0,4128768,,66,7429,250050,0
2026-09-28T04:03:07.573271+00:00,311471593000000,0x051D,0x0105,250050,42102,42090,26,66,7429,0,0,0,19,19,0,,0,0,255681,0,0,0,0,0,0,0,0,0,4128768,,67,7529,255681,0
2026-09-28T04:03:07.676316+00:00,311471703000000,0x051D,0x0105,255681,42100,42095,26,67,7529,0,0,0,19,19,0,,0,0,268071,0,0,0,0,0,0,0,0,0,4128768,,68,7629,268071,0
2026-09-28T04:03:07.771980+00:00,311471796000000,0x051D,0x0105,268071,42115,42106,26,68,7629,0,0,0,19,19,0,,0,0,272577,0,0,0,0,0,0,0,0,0,4128768,,69,7729,272577,0
2026-09-28T04:03:07.873005+00:00,311471890000000,0x051D,0x0105,272577,42115,42110,26,69,7729,0,0,0,19,19,0,,0,0,277082,0,0,0,0,0,0,0,0,0,4128768,,70,7829,277082,0
2026-09-28T04:03:07.979319+00:00,311472000000000,0x051D,0x0105,277082,42112,42114,26,70,7829,0,0,0,19,19,0,,0,0,272577,0,0,0,0,0,0,0,0,0,4128768,,71,7929,272577,0
2026-09-28T04:03:08.075871+00:00,311472093000000,0x051D,0x0105,272577,42102,42110,26,71,7929,0,0,0,19,19,0,,0,0,270324,0,0,0,0,0,0,0,0,0,4128768,,72,8030,270324,0
2026-09-28T04:03:08.178893+00:00,311472203000000,0x051D,0x0105,270324,42109,42108,26,72,8030,0,0,0,19,19,0,,0,0,266945,0,0,0,0,0,0,0,0,0,4128768,,73,8130,266945,0
2026-09-28T04:03:08.273412+00:00,311472296000000,0x051D,0x0105,266945,42103,42105,26,73,8130,0,0,0,19,19,0,,0,0,265818,0,0,0,0,0,0,0,0,0,4128768,0,74,8230,265818,0
2026-09-28T04:03:08.382579+00:00,311472406000000,0x051D,0x0105,265818,42100,42104,26,74,8230,0,0,0,19,19,0,,0,0,264692,0,0,0,0,0,0,0,0,0,4128768,,75,8330,264692,0
2026-09-28T04:03:08.474117+00:00,311472500000000,0x051D,0x0105,264692,42106,42103,26,75,8330,0,0,0,19,19,0,,0,0,269197,0,0,0,0,0,0,0,0,0,4128768,,76,8430,269197,0
2026-09-28T04:03:08.572832+00:00,311472593000000,0x051D,0x0105,269197,42114,42107,26,76,8430,0,0,0,19,19,0,,0,0,266945,0,0,0,0,0,0,0,0,0,4128768,,77,8531,266945,0
2026-09-28T04:03:08.675351+00:00,311472703000000,0x051D,0x0105,266945,42096,42105,26,77,8531,0,0,0,19,19,0,,0,0,266945,0,0,0,0,0,0,0,0,0,4128768,,78,8632,266945,0
2026-09-28T04:03:08.772896+00:00,311472796000000,0x051D,0x0105,266945,42104,42105,26,78,8632,0,0,0,19,19,0,,0,0,268071,0,0,0,0,0,0,0,0,0,4128768,,79,8732,268071,0
2026-09-28T04:03:08.874916+00:00,311472890000000,0x051D,0x0105,268071,42117,42106,26,79,8732,0,0,0,19,19,0,,0,0,268071,0,0,0,0,0,0,0,0,0,4128768,,80,8832,268071,0
2026-09-28T04:03:08.982465+00:00,311473000000000,0x051D,0x0105,268071,42097,42106,26,80,8832,0,0,0,19,19,0,,0,0,270324,0,0,0,0,0,0,0,0,0,4128768,,81,8932,270324,0
2026-09-28T04:03:09.080512+00:00,311473109000000,0x051D,0x0105,270324,42111,42108,26,81,8932,0,0,0,19,19,0,,0,0,266945,0,0,0,0,0,0,0,0,0,4128768,,82,9032,266945,0
2026-09-28T04:03:09.172681+00:00,311473203000000,0x051D,0x0105,266945,42107,42105,26,82,9032,0,0,0,19,19,0,,0,0,266945,0,0,0,0,0,0,0,0,0,4128768,,83,9132,266945,0
2026-09-28T04:03:09.268205+00:00,311473296000000,0x051D,0x0105,266945,42096,42105,26,83,9132,0,0,0,19,19,0,,0,0,266945,0,0,0,0,0,0,0,0,0,4128768,0,83,9132,266945,1
2026-09-28T04:03:09.377175+00:00,311473406000000,0x051D,0x0105,269197,42117,42107,26,84,9232,0,0,0,19,19,0,,0,0,271450,0,0,0,0,0,0,0,0,0,4128768,,85,9332,271450,0
2026-09-28T04:03:09.472217+00:00,311473500000000,0x051D,0x0105,271450,42113,42109,26,85,9332,0,0,0,19,19,0,,0,0,271450,0,0,0,0,0,0,0,0,0,4128768,,85,9332,271450,1
2026-09-28T04:03:09.574150+00:00,311473593000000,0x051D,0x0105,275956,42109,42113,26,86,9432,0,0,0,19,19,0,,0,0,275956,0,0,0,0,0,0,0,0,0,4128768,,87,9533,275956,0
2026-09-28T04:03:09.678808+00:00,311473703000000,0x051D,0x0105,275956,42116,42113,26,87,9533,0,0,0,19,19,0,,0,0,269197,0,0,0,0,0,0,0,0,0,4128768,,88,9633,269197,0
2026-09-28T04:03:09.773980+00:00,311473796000000,0x051D,0x0105,269197,42096,42107,26,88,9633,0,0,0,19,19,0,,0,0,270324,0,0,0,0,0,0,0,0,0,4128768,,89,9733,270324,0
2026-09-28T04:03:09.876000+00:00,311473906000000,0x051D,0x0105,270324,42112,42108,26,89,9733,0,0,0,19,19,0,,0,0,274829,0,0,0,0,0,0,0,0,0,4128768,,90,9833,274829,0
2026-09-28T04:03:09.968416+00:00,311473984000000,0x051D,0x0105,274829,42128,42112,26,90,9833,0,0,0,19,19,0,,0,0,274829,0,0,0,0,0,0,0,0,0,4128768,,90,9833,274829,1
2026-09-28T04:03:10.082052+00:00,311474109000000,0x051D,0x0105,283840,42121,42120,26,91,9933,0,0,0,19,19,0,,0,0,280461,0,0,0,0,0,0,0,0,0,4128768,,92,10033,280461,0
2026-09-28T04:03:10.174121+00:00,311474203000000,0x051D,0x0105,280461,42102,42117,26,92,10033,0,0,0,19,19,0,,0,0,280461,0,0,0,0,0,0,0,0,0,4128768,,92,10033,280461,1
2026-09-28T04:03:10.269647+00:00,311474296000000,0x051D,0x0105,275956,42115,42113,26,93,10134,0,0,0,19,19,0,,0,0,275956,0,0,0,0,0,0,0,0,0,4128768,0,93,10134,275956,1
2026-09-28T04:03:10.379056+00:00,311474406000000,0x051D,0x0105,279335,42130,42116,26,94,10234,0,0,0,19,19,0,,0,0,283840,0,0,0,0,0,0,0,0,0,4128768,,95,10334,283840,0
2026-09-28T04:03:10.474580+00:00,311474500000000,0x051D,0x0105,283840,42116,42120,27,95,10334,0,0,0,19,19,0,,0,0,283840,0,0,0,0,0,0,0,0,0,4128768,,95,10334,283840,1
2026-09-28T04:03:10.575039+00:00,311474593000000,0x051D,0x0105,282714,42111,42119,27,96,10434,0,0,0,19,19,0,,0,0,282714,0,0,0,0,0,0,0,0,0,4128768,,96,10434,282714,1
2026-09-28T04:03:10.678385+00:00,311474703000000,0x051D,0x0105,277082,42114,42114,27,97,10534,0,0,0,19,19,0,,0,0,279335,0,0,0,0,0,0,0,0,0,4128768,,98,10635,279335,0
2026-09-28T04:03:10.775555+00:00,311474796000000,0x051D,0x0105,279335,42124,42116,27,98,10635,0,0,0,19,19,0,,0,0,280461,0,0,0,0,0,0,0,0,0,4128768,,99,10735,280461,0
2026-09-28T04:03:10.877575+00:00,311474906000000,0x051D,0x0105,280461,42112,42117,27,99,10735,0,0,0,19,19,0,,0,0,281587,0,0,0,0,0,0,0,0,0,4128768,,100,10835,281587,0
2026-09-28T04:03:10.968870+00:00,311474984000000,0x051D,0x0105,281587,42119,42118,27,100,10835,0,0,0,19,19,0,,0,0,281587,0,0,0,0,0,0,0,0,0,4128768,,100,10835,281587,1
2026-09-28T04:03:11.082952+00:00,311475109000000,0x051D,0x0105,281587,42123,42118,27,101,10935,0,0,0,19,19,0,,0,0,278208,0,0,0,0,0,0,0,0,0,4128768,,102,11035,278208,0
2026-09-28T04:03:11.172193+00:00,311475187000000,0x051D,0x0105,278208,42104,42115,27,102,11035,0,0,0,19,19,0,,0,0,278208,0,0,0,0,0,0,0,0,0,4128768,,102,11035,278208,1
2026-09-28T04:03:11.282940+00:00,311475312000000,0x051D,0x0105,274829,42110,42112,27,103,11135,0,0,0,19,19,0,,0,0,271450,0,0,0,0,0,0,0,0,0,4128768,0,104,11236,271450,0
2026-09-28T04:03:11.376725+00:00,311475406000000,0x051D,0x0105,271450,42112,42109,27,104,11236,0,0,0,19,19,0,,0,0,274829,0,0,0,0,0,0,0,0,0,4128768,,105,11336,274829,0
2026-09-28T04:03:11.468772+00:00,311475484000000,0x051D,0x0105,274829,42114,42112,27,105,11336,0,0,0,19,19,0,,0,0,274829,0,0,0,0,0,0,0,0,0,4128768,,105,11336,274829,1
2026-09-28T04:03:11.580477+00:00,311475609000000,0x051D,0x0105,280461,42125,42117,27,106,11436,0,0,0,19,19,0,,0,0,286093,0,0,0,0,0,0,0,0,0,4128768,,107,11536,286093,0
2026-09-28T04:03:11.669532+00:00,311475687000000,0x051D,0x0105,286093,42126,42122,27,107,11536,0,0,0,19,19,0,,0,0,286093,0,0,0,0,0,0,0,0,0,4128768,,107,11536,286093,1
2026-09-28T04:03:11.778722+00:00,311475796000000,0x051D,0x0105,292851,42133,42128,27,108,11636,0,0,0,19,19,0,,0,0,291724,0,0,0,0,0,0,0,0,0,4128768,,109,11737,291724,0
2026-09-28T04:03:11.880513+00:00,311475906000000,0x051D,0x0105,291724,42122,42127,27,109,11737,0,0,0,19,19,0,,0,0,284966,0,0,0,0,0,0,0,0,0,4128768,,110,11837,284966,0
2026-09-28T04:03:11.973108+00:00,311476000000000,0x051D,0x0105,284966,42109,42121,27,110,11837,0,0,0,19,19,0,,0,0,284966,0,0,0,0,0,0,0,0,0,4128768,,110,11837,284966,1
2026-09-28T04:03:12.071385+00:00,311476093000000,0x051D,0x0105,277082,42110,42114,27,111,11937,0,0,0,19,19,0,,0,0,277082,0,0,0,0,0,0,0,0,0,4128768,,111,11937,277082,1
2026-09-28T04:03:12.178425+00:00,311476203000000,0x051D,0x0105,272577,42110,42110,27,112,12037,0,0,0,19,19,0,,0,0,271450,0,0,0,0,0,0,0,0,0,4128768,,113,12137,271450,0
2026-09-28T04:03:12.272982+00:00,311476296000000,0x051D,0x0105,271450,42108,42109,27,113,12137,0,0,0,19,19,0,,0,0,271450,0,0,0,0,0,0,0,0,0,4128768,0,113,12137,271450,1
2026-09-28T04:03:12.382045+00:00,311476406000000,0x051D,0x0105,272577,42111,42110,27,114,12237,0,0,0,19,19,0,,0,0,278208,0,0,0,0,0,0,0,0,0,4128768,,115,12338,278208,0
2026-09-28T04:03:12.474065+00:00,311476500000000,0x051D,0x0105,278208,42125,42115,27,115,12338,0,0,0,19,19,0,,0,0,278208,0,0,0,0,0,0,0,0,0,4128768,,115,12338,278208,1
2026-09-28T04:03:12.571664+00:00,311476593000000,0x051D,0x0105,281587,42118,42118,27,116,12438,0,0,0,19,19,0,,0,0,281587,0,0,0,0,0,0,0,0,0,4128768,,116,12438,281587,1
2026-09-28T04:03:12.678805+00:00,311476703000000,0x051D,0x0105,284966,42119,42121,27,117,12538,0,0,0,19,19,0,,0,0,284966,0,0,0,0,0,0,0,0,0,4128768,,118,12638,284966,0
2026-09-28T04:03:12.773166+00:00,311476796000000,0x051D,0x0105,284966,42125,42121,27,118,12638,0,0,0,19,19,0,,0,0,284966,0,0,0,0,0,0,0,0,0,4128768,,118,12638,284966,1
2026-09-28T04:03:12.874422+00:00,311476890000000,0x051D,0x0105,292851,42139,42128,27,119,12738,0,0,0,19,19,0,,0,0,292851,0,0,0,0,0,0,0,0,0,4128768,,119,12738,292851,1
2026-09-28T04:03:12.981114+00:00,311477000000000,0x051D,0x0105,289472,42111,42125,27,120,12839,0,0,0,19,19,0,,0,0,283840,0,0,0,0,0,0,0,0,0,4128768,,121,12939,283840,0
2026-09-28T04:03:13.079804+00:00,311477109000000,0x051D,0x0105,283840,42110,42120,27,121,12939,0,0,0,19,19,0,,0,0,277082,0,0,0,0,0,0,0,0,0,4128768,,122,13039,277082,0
2026-09-28T04:03:13.170389+00:00,311477187000000,0x051D,0x0105,277082,42122,42114,27,122,13039,0,0,0,19,19,0,,0,0,277082,0,0,0,0,0,0,0,0,0,4128768,,122,13039,277082,1
2026-09-28T04:03:13.280459+00:00,311477296000000,0x051D,0x0105,281587,42122,42118,27,123,13139,0,0,0,19,19,0,,0,0,282714,0,0,0,0,0,0,0,0,0,4128768,0,124,13239,282714,0
2026-09-28T04:03:13.376067+00:00,311477406000000,0x051D,0x0105,282714,42112,42119,27,124,13239,0,0,0,19,19,0,,0,0,282714,0,0,0,0,0,0,0,0,0,4128768,,124,13239,282714,1
2026-09-28T04:03:13.469623+00:00,311477500000000,0x051D,0x0105,274829,42102,42112,27,125,13339,0,0,0,19,19,0,,0,0,274829,0,0,0,0,0,0,0,0,0,4128768,,125,13339,274829,1
2026-09-28T04:03:13.568218+00:00,311477593000000,0x051D,0x0105,269197,42108,42107,27,126,13440,0,0,0,19,19,0,,0,0,269197,0,0,0,0,0,0,0,0,0,4128768,,126,13440,269197,1
2026-09-28T04:03:13.672382+00:00,311477703000000,0x051D,0x0105,270324,42115,42108,27,127,13540,0,0,0,19,19,0,,0,0,270324,0,0,0,0,0,0,0,0,0,4128768,,127,13540,270324,1
2026-09-28T04:03:13.767132+00:00,311477796000000,0x051D,0x0105,284966,42139,42121,27,128,13640,0,0,0,19,19,0,,0,0,284966,0,0,0,0,0,0,0,0,0,4128768,,128,13640,284966,1
2026-09-28T04:03:13.869150+00:00,311477890000000,0x051D,0x0105,299609,42148,42134,27,129,13740,0,0,0,19,19,0,,0,0,299609,0,0,0,0,0,0,0,0,0,4128768,,129,13740,299609,1
2026-09-28T04:03:13.975697+00:00,311478000000000,0x051D,0x0105,301862,42121,42136,27,130,13840,0,0,0,19,19,0,,0,0,301862,0,0,0,0,0,0,0,0,0,4128768,,130,13840,301862,1
2026-09-28T04:03:14.072646+00:00,311478093000000,0x051D,0x0105,295104,42121,42130,27,131,13941,0,0,0,19,19,0,,0,0,295104,0,0,0,0,0,0,0,0,0,4128768,,131,13941,295104,1
2026-09-28T04:03:14.181219+00:00,311478203000000,0x051D,0x0105,282714,42115,42119,27,132,14041,0,0,0,19,19,0,,0,0,282714,0,0,0,0,0,0,0,0,0,4128768,,132,14041,282714,1
2026-09-28T04:03:14.276920+00:00,311478296000000,0x051D,0x0105,282714,42120,42119,27,133,14141,0,0,0,19,19,0,,0,0,282714,0,0,0,0,0,0,0,0,0,4128768,0,133,14141,282714,1
2026-09-28T04:03:14.370516+00:00,311478390000000,0x051D,0x0105,280461,42116,42117,27,134,14241,0,0,0,19,19,0,,0,0,280461,0,0,0,0,0,0,0,0,0,4128768,,134,14241,280461,1
2026-09-28T04:03:14.481040+00:00,311478500000000,0x051D,0x0105,286093,42129,42122,27,135,14341,0,0,0,19,19,0,,0,0,286093,0,0,0,0,0,0,0,0,0,4128768,,135,14341,286093,1
2026-09-28T04:03:14.582062+00:00,311478609000000,0x051D,0x0105,282714,42111,42119,27,136,14442,0,0,0,19,19,0,,0,0,282714,0,0,0,0,0,0,0,0,0,4128768,,136,14442,282714,1
2026-09-28T04:03:14.670791+00:00,311478687000000,0x051D,0x0105,279335,42108,42116,27,137,14542,0,0,0,19,19,0,,0,0,279335,0,0,0,0,0,0,0,0,0,4128768,,137,14542,279335,1
2026-09-28T04:03:14.783388+00:00,311478812000000,0x051D,0x0105,279335,42130,42116,27,138,14642,0,0,0,19,19,0,,0,0,290598,0,0,0,0,0,0,0,0,0,4128768,,139,14742,290598,0
2026-09-28T04:03:14.870406+00:00,311478890000000,0x051D,0x0105,290598,42139,42126,27,139,14742,0,0,0,19,19,0,,0,0,290598,0,0,0,0,0,0,0,0,0,4128768,,139,14742,290598,1
2026-09-28T04:03:14.977396+00:00,311479000000000,0x051D,0x0105,302988,42142,42137,27,140,14842,0,0,0,19,19,0,,0,0,302988,0,0,0,0,0,0,0,0,0,4128768,,140,14842,302988,1
2026-09-28T04:03:15.073749+00:00,311479093000000,0x051D,0x0105,306367,42138,42140,27,141,14942,0,0,0,19,19,0,,0,0,306367,0,0,0,0,0,0,0,0,0,4128768,,141,14942,306367,1
2026-09-28T04:03:15.179538+00:00,311479203000000,0x051D,0x0105,298483,42120,42133,27,142,15043,0,0,0,19,19,0,,0,0,298483,0,0,0,0,0,0,0,0,0,4128768,,142,15043,298483,1
