utc,host_monotonic_ns,firmware,map,display_count,display_decimals,status_flags,net_ug,gross_ug,tare_ug,raw_adc,filtered_raw,sample_sequence,mcu_uptime_ms,official_stable,official_overload,profile,sample_rate,gain,cs1237_state,buffered_samples,overrun_count,dirty,revision,saved_revision,fault_mask,calibration_valid,display_condition_state,display_locked,conditioned_display_ug,display_anchor_ug,shadow_static_class,shadow_static_reason,shadow_dynamic_class,shadow_dynamic_reason,shadow_valid,low_limit_ug,high_limit_ug,guarded_mode,guarded_generation,guarded_reason,formal_state,guarded_armed,green,yellow,red,internal_buzzer,external_buzzer,r5_application,r5_mode,r5_state,r5_offset_ug,r5_reference_ug,r5_rebase
2026-09-23T08:50:53.453Z,324638953000000,0x0517,0x0104,-10,2,63,-102496,-102496,0,-43953,-43956,1740,175094,1,0,0,0,3,4,0,0,0,8,8,0,1,2,1,-100000,-100000,2,0,2,0,1,0,0,0,0,0,0,0,0,0,0,0,0,0,0,0,0,0,0
2026-09-23T08:50:53.789Z,324639296000000,0x0517,0x0104,-10,2,63,-97991,-97991,0,-43984,-43960,1744,175491,1,0,0,0,3,4,0,0,0,8,8,0,1,2,1,-100000,-100000,2,0,2,0,1,0,0,0,0,0,0,0,0,0,0,0,0,0,0,0,0,0,0
2026-09-23T08:50:54.128Z,324639625000000,0x0517,0x0104,-10,2,63,-99117,-99117,0,-43967,-43959,1747,175785,1,0,0,0,3,4,0,0,0,8,8,0,1,2,1,-100000,-100000,2,0,2,0,1,0,0,0,0,0,0,0,0,0,0,0,0,0,0,0,0,0,0
2026-09-23T08:50:54.466Z,324639968000000,0x0517,0x0104,-10,2,63,-99117,-99117,0,-43966,-43959,1750,176125,1,0,0,0,3,4,0,0,0,8,8,0,1,2,1,-100000,-100000,2,0,2,0,1,0,0,0,0,0,0,0,0,0,0,0,0,0,0,0,0,0,0
2026-09-23T08:50:54.802Z,324640296000000,0x0517,0x0104,-10,2,63,-94612,-94612,0,-43961,-43963,1754,176504,1,0,0,0,3,4,0,0,0,8,8,0,1,2,1,-100000,-100000,2,0,2,0,1,0,0,0,0,0,0,0,0,0,0,0,0,0,0,0,0,0,0
2026-09-23T08:50:55.148Z,324640656000000,0x0517,0x0104,-10,2,63,-97991,-97991,0,-43942,-43960,1757,176800,1,0,0,0,3,4,0,0,0,8,8,0,1,2,1,-100000,-100000,2,0,2,0,1,0,0,0,0,0,0,0,0,0,0,0,0,0,0,0,0,0,0
2026-09-23T08:50:55.485Z,324640984000000,0x0517,0x0104,-10,2,63,-94612,-94612,0,-43974,-43963,1761,177186,1,0,0,0,3,4,0,0,0,8,8,0,1,2,1,-100000,-100000,2,0,2,0,1,0,0,0,0,0,0,0,0,0,0,0,0,0,0,0,0,0,0
2026-09-23T08:50:55.824Z,324641328000000,0x0517,0x0104,-10,2,63,-92359,-92359,0,-43950,-43965,1764,177487,1,0,0,0,3,4,0,0,0,8,8,0,1,2,1,-100000,-100000,2,0,2,0,1,0,0,0,0,0,0,0,0,0,0,0,0,0,0,0,0,0,0
2026-09-23T08:50:56.159Z,324641656000000,0x0517,0x0104,-10,2,63,-91233,-91233,0,-43960,-43966,1767,177822,1,0,0,0,3,4,0,0,0,8,8,0,1,2,1,-100000,-100000,2,0,2,0,1,0,0,0,0,0,0,0,0,0,0,0,0,0,0,0,0,0,0
2026-09-23T08:50:56.496Z,324642000000000,0x0517,0x0104,-10,2,63,-94612,-94612,0,-43964,-43963,1771,178198,1,0,0,0,3,4,0,0,0,8,8,0,1,2,1,-100000,-100000,2,0,2,0,1,0,0,0,0,0,0,0,0,0,0,0,0,0,0,0,0,0,0
2026-09-23T08:50:56.836Z,324642343000000,0x0517,0x0104,-10,2,63,-94612,-94612,0,-43960,-43963,1774,178493,1,0,0,0,3,4,0,0,0,8,8,0,1,2,1,-100000,-100000,2,0,2,0,1,0,0,0,0,0,0,0,0,0,0,0,0,0,0,0,0,0,0
2026-09-23T08:50:57.175Z,324642671000000,0x0517,0x0104,-10,2,63,-94612,-94612,0,-43973,-43963,1777,178832,1,0,0,0,3,4,0,0,0,8,8,0,1,2,1,-100000,-100000,2,0,2,0,1,0,0,0,0,0,0,0,0,0,0,0,0,0,0,0,0,0,0
2026-09-23T08:50:57.512Z,324643015000000,0x0517,0x0104,-10,2,63,-91233,-91233,0,-43965,-43966,1781,179214,1,0,0,0,3,4,0,0,0,8,8,0,1,2,1,-100000,-100000,2,0,2,0,1,0,0,0,0,0,0,0,0,0,0,0,0,0,0,0,0,0,0
2026-09-23T08:50:57.859Z,324643359000000,0x0517,0x0104,-10,2,63,-93486,-93486,0,-43959,-43964,1784,179509,1,0,0,0,3,4,0,0,0,8,8,0,1,2,1,-100000,-100000,2,0,2,0,1,0,0,0,0,0,0,0,0,0,0,0,0,0,0,0,0,0,0
2026-09-23T08:50:58.195Z,324643703000000,0x0517,0x0104,-10,2,63,-97991,-97991,0,-43959,-43960,1788,179897,1,0,0,0,3,4,0,0,0,8,8,0,1,2,1,-100000,-100000,2,0,2,0,1,0,0,0,0,0,0,0,0,0,0,0,0,0,0,0,0,0,0
2026-09-23T08:50:58.534Z,324644031000000,0x0517,0x0104,-10,2,63,-95738,-95738,0,-43960,-43962,1791,180193,1,0,0,0,3,4,0,0,0,8,8,0,1,2,1,-100000,-100000,2,0,2,0,1,0,0,0,0,0,0,0,0,0,0,0,0,0,0,0,0,0,0
2026-09-23T08:50:58.874Z,324644375000000,0x0517,0x0104,-10,2,63,-100244,-100244,0,-43951,-43958,1794,180530,1,0,0,0,3,4,0,0,0,8,8,0,1,2,1,-100000,-100000,2,0,2,0,1,0,0,0,0,0,0,0,0,0,0,0,0,0,0,0,0,0,0
2026-09-23T08:50:59.213Z,324644718000000,0x0517,0x0104,-10,2,63,-97991,-97991,0,-43970,-43960,1798,180911,1,0,0,0,3,4,0,0,0,8,8,0,1,2,1,-100000,-100000,2,0,2,0,1,0,0,0,0,0,0,0,0,0,0,0,0,0,0,0,0,0,0
2026-09-23T08:50:59.558Z,324645062000000,0x0517,0x0104,-10,2,63,-96865,-96865,0,-43950,-43961,1801,181210,1,0,0,0,3,4,0,0,0,8,8,0,1,2,1,-100000,-100000,2,0,2,0,1,0,0,0,0,0,0,0,0,0,0,0,0,0,0,0,0,0,0
2026-09-23T08:50:59.897Z,324645390000000,0x0517,0x0104,-10,2,63,-96865,-96865,0,-43952,-43961,1805,181596,1,0,0,0,3,4,0,0,0,8,8,0,1,2,1,-100000,-100000,2,0,2,0,1,0,0,0,0,0,0,0,0,0,0,0,0,0,0,0,0,0,0
2026-09-23T08:51:00.235Z,324645734000000,0x0517,0x0104,-10,2,63,-97991,-97991,0,-43961,-43960,1808,181896,1,0,0,0,3,4,0,0,0,8,8,0,1,2,1,-100000,-100000,2,0,2,0,1,0,0,0,0,0,0,0,0,0,0,0,0,0,0,0,0,0,0
2026-09-23T08:51:00.574Z,324646078000000,0x0517,0x0104,-10,2,63,-99117,-99117,0,-43960,-43959,1811,182232,1,0,0,0,3,4,0,0,0,8,8,0,1,2,1,-100000,-100000,2,0,2,0,1,0,0,0,0,0,0,0,0,0,0,0,0,0,0,0,0,0,0
2026-09-23T08:51:00.914Z,324646421000000,0x0517,0x0104,-10,2,63,-96865,-96865,0,-43962,-43961,1815,182612,1,0,0,0,3,4,0,0,0,8,8,0,1,2,1,-100000,-100000,2,0,2,0,1,0,0,0,0,0,0,0,0,0,0,0,0,0,0,0,0,0,0
2026-09-23T08:51:01.258Z,324646765000000,0x0517,0x0104,-10,2,63,-97991,-97991,0,-43949,-43960,1818,182911,1,0,0,0,3,4,0,0,0,8,8,0,1,2,1,-100000,-100000,2,0,2,0,1,0,0,0,0,0,0,0,0,0,0,0,0,0,0,0,0,0,0
2026-09-23T08:51:01.594Z,324647093000000,0x0517,0x0104,-10,2,63,-100244,-100244,0,-43962,-43958,1822,183297,1,0,0,0,3,4,0,0,0,8,8,0,1,2,1,-100000,-100000,2,0,2,0,1,0,0,0,0,0,0,0,0,0,0,0,0,0,0,0,0,0,0
2026-09-23T08:51:01.933Z,324647437000000,0x0517,0x0104,-10,2,63,-99117,-99117,0,-43953,-43959,1825,183598,1,0,0,0,3,4,0,0,0,8,8,0,1,2,1,-100000,-100000,2,0,2,0,1,0,0,0,0,0,0,0,0,0,0,0,0,0,0,0,0,0,0
2026-09-23T08:51:02.270Z,324647765000000,0x0517,0x0104,-10,2,63,-99117,-99117,0,-43970,-43959,1828,183930,1,0,0,0,3,4,0,0,0,8,8,0,1,2,1,-100000,-100000,2,0,2,0,1,0,0,0,0,0,0,0,0,0,0,0,0,0,0,0,0,0,0
2026-09-23T08:51:02.604Z,324648109000000,0x0517,0x0104,-10,2,63,-96865,-96865,0,-43966,-43961,1832,184308,1,0,0,0,3,4,0,0,0,8,8,0,1,2,1,-100000,-100000,2,0,2,0,1,0,0,0,0,0,0,0,0,0,0,0,0,0,0,0,0,0,0
2026-09-23T08:51:02.942Z,324648437000000,0x0517,0x0104,-10,2,63,-92359,-92359,0,-43953,-43965,1835,184602,1,0,0,0,3,4,0,0,0,8,8,0,1,2,1,-100000,-100000,2,0,2,0,1,0,0,0,0,0,0,0,0,0,0,0,0,0,0,0,0,0,0
2026-09-23T08:51:03.283Z,324648781000000,0x0517,0x0104,-10,2,63,-95738,-95738,0,-43970,-43962,1838,184939,1,0,0,0,3,4,0,0,0,8,8,0,1,2,1,-100000,-100000,2,0,2,0,1,0,0,0,0,0,0,0,0,0,0,0,0,0,0,0,0,0,0
2026-09-23T08:51:03.623Z,324649125000000,0x0517,0x0104,-10,2,63,-93486,-93486,0,-43954,-43964,1842,185321,1,0,0,0,3,4,0,0,0,8,8,0,1,2,1,-100000,-100000,2,0,2,0,1,0,0,0,0,0,0,0,0,0,0,0,0,0,0,0,0,0,0
2026-09-23T08:51:03.963Z,324649468000000,0x0517,0x0104,-10,2,63,-93486,-93486,0,-43964,-43964,1845,185622,1,0,0,0,3,4,0,0,0,8,8,0,1,2,1,-100000,-100000,2,0,2,0,1,0,0,0,0,0,0,0,0,0,0,0,0,0,0,0,0,0,0
2026-09-23T08:51:04.300Z,324649796000000,0x0517,0x0104,-10,2,63,-97991,-97991,0,-43962,-43960,1849,186003,1,0,0,0,3,4,0,0,0,8,8,0,1,2,1,-100000,-100000,2,0,2,0,1,0,0,0,0,0,0,0,0,0,0,0,0,0,0,0,0,0,0
2026-09-23T08:51:04.641Z,324650140000000,0x0517,0x0104,-10,2,63,-95738,-95738,0,-43975,-43962,1852,186303,1,0,0,0,3,4,0,0,0,8,8,0,1,2,1,-100000,-100000,2,0,2,0,1,0,0,0,0,0,0,0,0,0,0,0,0,0,0,0,0,0,0
2026-09-23T08:51:04.982Z,324650484000000,0x0517,0x0104,-10,2,63,-94612,-94612,0,-43963,-43963,1855,186640,1,0,0,0,3,4,0,0,0,8,8,0,1,2,1,-100000,-100000,2,0,2,0,1,0,0,0,0,0,0,0,0,0,0,0,0,0,0,0,0,0,0
2026-09-23T08:51:05.322Z,324650828000000,0x0517,0x0104,-10,2,63,-100244,-100244,0,-43950,-43958,1859,187021,1,0,0,0,3,4,0,0,0,8,8,0,1,2,1,-100000,-100000,2,0,2,0,1,0,0,0,0,0,0,0,0,0,0,0,0,0,0,0,0,0,0
2026-09-23T08:51:05.662Z,324651156000000,0x0517,0x0104,-10,2,63,-100244,-100244,0,-43949,-43958,1862,187321,1,0,0,0,3,4,0,0,0,8,8,0,1,2,1,-100000,-100000,2,0,2,0,1,0,0,0,0,0,0,0,0,0,0,0,0,0,0,0,0,0,0
2026-09-23T08:51:05.998Z,324651500000000,0x0517,0x0104,-10,2,63,-102496,-102496,0,-43960,-43956,1866,187705,1,0,0,0,3,4,0,0,0,8,8,0,1,2,1,-100000,-100000,2,0,2,0,1,0,0,0,0,0,0,0,0,0,0,0,0,0,0,0,0,0,0
2026-09-23T08:51:06.337Z,324651843000000,0x0517,0x0104,-10,2,63,-102496,-102496,0,-43939,-43956,1869,188006,1,0,0,0,3,4,0,0,0,8,8,0,1,2,1,-100000,-100000,2,0,2,0,1,0,0,0,0,0,0,0,0,0,0,0,0,0,0,0,0,0,0
2026-09-23T08:51:06.676Z,324652171000000,0x0517,0x0104,-10,2,63,-104749,-104749,0,-43934,-43954,1872,188334,1,0,0,0,3,4,0,0,0,8,8,0,1,2,1,-100000,-100000,2,0,2,0,1,0,0,0,0,0,0,0,0,0,0,0,0,0,0,0,0,0,0
2026-09-23T08:51:07.013Z,324652515000000,0x0517,0x0104,-10,2,63,-108128,-108128,0,-43967,-43951,1876,188715,1,0,0,0,3,4,0,0,0,8,8,0,1,2,1,-100000,-100000,2,0,2,0,1,0,0,0,0,0,0,0,0,0,0,0,0,0,0,0,0,0,0
2026-09-23T08:51:07.351Z,324652859000000,0x0517,0x0104,-10,2,63,-101370,-101370,0,-43971,-43957,1879,189011,1,0,0,0,3,4,0,0,0,8,8,0,1,2,1,-100000,-100000,2,0,2,0,1,0,0,0,0,0,0,0,0,0,0,0,0,0,0,0,0,0,0
2026-09-23T08:51:07.691Z,324653187000000,0x0517,0x0104,-10,2,63,-101370,-101370,0,-43947,-43957,1882,189350,1,0,0,0,3,4,0,0,0,8,8,0,1,2,1,-100000,-100000,2,0,2,0,1,0,0,0,0,0,0,0,0,0,0,0,0,0,0,0,0,0,0
2026-09-23T08:51:08.032Z,324653531000000,0x0517,0x0104,-10,2,63,-104749,-104749,0,-43953,-43954,1886,189730,1,0,0,0,3,4,0,0,0,8,8,0,1,2,1,-100000,-100000,2,0,2,0,1,0,0,0,0,0,0,0,0,0,0,0,0,0,0,0,0,0,0
2026-09-23T08:51:08.376Z,324653875000000,0x0517,0x0104,-10,2,63,-103623,-103623,0,-43959,-43955,1889,190030,1,0,0,0,3,4,0,0,0,8,8,0,1,2,1,-100000,-100000,2,0,2,0,1,0,0,0,0,0,0,0,0,0,0,0,0,0,0,0,0,0,0
2026-09-23T08:51:08.714Z,324654218000000,0x0517,0x0104,-10,2,63,-102496,-102496,0,-43974,-43956,1893,190416,1,0,0,0,3,4,0,0,0,8,8,0,1,2,1,-100000,-100000,2,0,2,0,1,0,0,0,0,0,0,0,0,0,0,0,0,0,0,0,0,0,0
2026-09-23T08:51:09.055Z,324654562000000,0x0517,0x0104,-10,2,63,-96865,-96865,0,-43974,-43961,1896,190712,1,0,0,0,3,4,0,0,0,8,8,0,1,2,1,-100000,-100000,2,0,2,0,1,0,0,0,0,0,0,0,0,0,0,0,0,0,0,0,0,0,0
2026-09-23T08:51:09.394Z,324654890000000,0x0517,0x0104,-10,2,63,-96865,-96865,0,-43958,-43961,1899,191053,1,0,0,0,3,4,0,0,0,8,8,0,1,2,1,-100000,-100000,2,0,2,0,1,0,0,0,0,0,0,0,0,0,0,0,0,0,0,0,0,0,0
2026-09-23T08:51:09.734Z,324655234000000,0x0517,0x0104,-10,2,63,-102496,-102496,0,-43949,-43956,1903,191432,1,0,0,0,3,4,0,0,0,8,8,0,1,2,1,-100000,-100000,2,0,2,0,1,0,0,0,0,0,0,0,0,0,0,0,0,0,0,0,0,0,0
2026-09-23T08:51:10.076Z,324655578000000,0x0517,0x0104,-10,2,63,-103623,-103623,0,-43958,-43955,1906,191732,1,0,0,0,3,4,0,0,0,8,8,0,1,2,1,-100000,-100000,2,0,2,0,1,0,0,0,0,0,0,0,0,0,0,0,0,0,0,0,0,0,0
2026-09-23T08:51:10.418Z,324655921000000,0x0517,0x0104,-10,2,63,-100244,-100244,0,-43965,-43958,1910,192117,1,0,0,0,3,4,0,0,0,8,8,0,1,2,1,-100000,-100000,2,0,2,0,1,0,0,0,0,0,0,0,0,0,0,0,0,0,0,0,0,0,0
2026-09-23T08:51:10.758Z,324656265000000,0x0517,0x0104,-10,2,63,-100244,-100244,0,-43942,-43958,1913,192415,1,0,0,0,3,4,0,0,0,8,8,0,1,2,1,-100000,-100000,2,0,2,0,1,0,0,0,0,0,0,0,0,0,0,0,0,0,0,0,0,0,0
2026-09-23T08:51:11.101Z,324656609000000,0x0517,0x0104,-10,2,63,-104749,-104749,0,-43958,-43954,1916,192756,1,0,0,0,3,4,0,0,0,8,8,0,1,2,1,-100000,-100000,2,0,2,0,1,0,0,0,0,0,0,0,0,0,0,0,0,0,0,0,0,0,0
2026-09-23T08:51:11.442Z,324656937000000,0x0517,0x0104,-10,2,63,-101370,-101370,0,-43970,-43957,1920,193140,1,0,0,0,3,4,0,0,0,8,8,0,1,2,1,-100000,-100000,2,0,2,0,1,0,0,0,0,0,0,0,0,0,0,0,0,0,0,0,0,0,0
2026-09-23T08:51:11.784Z,324657281000000,0x0517,0x0104,-10,2,63,-96865,-96865,0,-43949,-43961,1923,193441,1,0,0,0,3,4,0,0,0,8,8,0,1,2,1,-100000,-100000,2,0,2,0,1,0,0,0,0,0,0,0,0,0,0,0,0,0,0,0,0,0,0
2026-09-23T08:51:12.119Z,324657625000000,0x0517,0x0104,-10,2,63,-94612,-94612,0,-43971,-43963,1927,193824,1,0,0,0,3,4,0,0,0,8,8,0,1,2,1,-100000,-100000,2,0,2,0,1,0,0,0,0,0,0,0,0,0,0,0,0,0,0,0,0,0,0
2026-09-23T08:51:12.460Z,324657953000000,0x0517,0x0104,-10,2,63,-95738,-95738,0,-43970,-43962,1930,194118,1,0,0,0,3,4,0,0,0,8,8,0,1,2,1,-100000,-100000,2,0,2,0,1,0,0,0,0,0,0,0,0,0,0,0,0,0,0,0,0,0,0
2026-09-23T08:51:12.800Z,324658296000000,0x0517,0x0104,-10,2,63,-93486,-93486,0,-43978,-43964,1933,194457,1,0,0,0,3,4,0,0,0,8,8,0,1,2,1,-100000,-100000,2,0,2,0,1,0,0,0,0,0,0,0,0,0,0,0,0,0,0,0,0,0,0
2026-09-23T08:51:13.139Z,324658640000000,0x0517,0x0104,-10,2,63,-96865,-96865,0,-43945,-43961,1937,194840,1,0,0,0,3,4,0,0,0,8,8,0,1,2,1,-100000,-100000,2,0,2,0,1,0,0,0,0,0,0,0,0,0,0,0,0,0,0,0,0,0,0
2026-09-23T08:51:13.483Z,324658984000000,0x0517,0x0104,-10,2,63,-96865,-96865,0,-43972,-43961,1940,195138,1,0,0,0,3,4,0,0,0,8,8,0,1,2,1,-100000,-100000,2,0,2,0,1,0,0,0,0,0,0,0,0,0,0,0,0,0,0,0,0,0,0
2026-09-23T08:51:13.821Z,324659328000000,0x0517,0x0104,-10,2,63,-95738,-95738,0,-43959,-43962,1944,195523,1,0,0,0,3,4,0,0,0,8,8,0,1,2,1,-100000,-100000,2,0,2,0,1,0,0,0,0,0,0,0,0,0,0,0,0,0,0,0,0,0,0
2026-09-23T08:51:14.165Z,324659671000000,0x0517,0x0104,-10,2,63,-96865,-96865,0,-43957,-43961,1947,195820,1,0,0,0,3,4,0,0,0,8,8,0,1,2,1,-100000,-100000,2,0,2,0,1,0,0,0,0,0,0,0,0,0,0,0,0,0,0,0,0,0,0
2026-09-23T08:51:14.503Z,324660000000000,0x0517,0x0104,-10,2,63,-96865,-96865,0,-43958,-43961,1950,196163,1,0,0,0,3,4,0,0,0,8,8,0,1,2,1,-100000,-100000,2,0,2,0,1,0,0,0,0,0,0,0,0,0,0,0,0,0,0,0,0,0,0
2026-09-23T08:51:14.843Z,324660343000000,0x0517,0x0104,-10,2,63,-91233,-91233,0,-43964,-43966,1954,196543,1,0,0,0,3,4,0,0,0,8,8,0,1,2,1,-100000,-100000,2,0,2,0,1,0,0,0,0,0,0,0,0,0,0,0,0,0,0,0,0,0,0
2026-09-23T08:51:15.183Z,324660687000000,0x0517,0x0104,-10,2,63,-91233,-91233,0,-43970,-43966,1957,196842,1,0,0,0,3,4,0,0,0,8,8,0,1,2,1,-100000,-100000,2,0,2,0,1,0,0,0,0,0,0,0,0,0,0,0,0,0,0,0,0,0,0
2026-09-23T08:51:15.519Z,324661015000000,0x0517,0x0104,-10,2,63,-92359,-92359,0,-43954,-43965,1961,197223,1,0,0,0,3,4,0,0,0,8,8,0,1,2,1,-100000,-100000,2,0,2,0,1,0,0,0,0,0,0,0,0,0,0,0,0,0,0,0,0,0,0
2026-09-23T08:51:15.859Z,324661359000000,0x0517,0x0104,-10,2,63,-95738,-95738,0,-43950,-43962,1964,197523,1,0,0,0,3,4,0,0,0,8,8,0,1,2,1,-100000,-100000,2,0,2,0,1,0,0,0,0,0,0,0,0,0,0,0,0,0,0,0,0,0,0
2026-09-23T08:51:16.195Z,324661703000000,0x0517,0x0104,-10,2,63,-99117,-99117,0,-43953,-43959,1967,197857,1,0,0,0,3,4,0,0,0,8,8,0,1,2,1,-100000,-100000,2,0,2,0,1,0,0,0,0,0,0,0,0,0,0,0,0,0,0,0,0,0,0
2026-09-23T08:51:16.529Z,324662031000000,0x0517,0x0104,-10,2,63,-107002,-107002,0,-43949,-43952,1971,198235,1,0,0,0,3,4,0,0,0,8,8,0,1,2,1,-100000,-100000,2,0,2,0,1,0,0,0,0,0,0,0,0,0,0,0,0,0,0,0,0,0,0
2026-09-23T08:51:16.867Z,324662375000000,0x0517,0x0104,-10,2,63,-103623,-103623,0,-43947,-43955,1974,198527,1,0,0,0,3,4,0,0,0,8,8,0,1,2,1,-100000,-100000,2,0,2,0,1,0,0,0,0,0,0,0,0,0,0,0,0,0,0,0,0,0,0
2026-09-23T08:51:17.208Z,324662703000000,0x0517,0x0104,-10,2,63,-105875,-105875,0,-43954,-43953,1977,198866,1,0,0,0,3,4,0,0,0,8,8,0,1,2,1,-100000,-100000,2,0,2,0,1,0,0,0,0,0,0,0,0,0,0,0,0,0,0,0,0,0,0
2026-09-23T08:51:17.547Z,324663046000000,0x0517,0x0104,-10,2,63,-100244,-100244,0,-43980,-43958,1981,199248,1,0,0,0,3,4,0,0,0,8,8,0,1,2,1,-100000,-100000,2,0,2,0,1,0,0,0,0,0,0,0,0,0,0,0,0,0,0,0,0,0,0
2026-09-23T08:51:17.892Z,324663390000000,0x0517,0x0104,-10,2,63,-100244,-100244,0,-43952,-43958,1984,199546,1,0,0,0,3,4,0,0,0,8,8,0,1,2,1,-100000,-100000,2,0,2,0,1,0,0,0,0,0,0,0,0,0,0,0,0,0,0,0,0,0,0
2026-09-23T08:51:18.228Z,324663734000000,0x0517,0x0104,-10,2,63,-101370,-101370,0,-43966,-43957,1988,199931,1,0,0,0,3,4,0,0,0,8,8,0,1,2,1,-100000,-100000,2,0,2,0,1,0,0,0,0,0,0,0,0,0,0,0,0,0,0,0,0,0,0
2026-09-23T08:51:18.567Z,324664062000000,0x0517,0x0104,-10,2,63,-97991,-97991,0,-43959,-43960,1991,200228,1,0,0,0,3,4,0,0,0,8,8,0,1,2,1,-100000,-100000,2,0,2,0,1,0,0,0,0,0,0,0,0,0,0,0,0,0,0,0,0,0,0
2026-09-23T08:51:18.903Z,324664406000000,0x0517,0x0104,-10,2,63,-100244,-100244,0,-43960,-43958,1994,200567,1,0,0,0,3,4,0,0,0,8,8,0,1,2,1,-100000,-100000,2,0,2,0,1,0,0,0,0,0,0,0,0,0,0,0,0,0,0,0,0,0,0
2026-09-23T08:51:19.238Z,324664734000000,0x0517,0x0104,-10,2,63,-100244,-100244,0,-43961,-43958,1998,200942,1,0,0,0,3,4,0,0,0,8,8,0,1,2,1,-100000,-100000,2,0,2,0,1,0,0,0,0,0,0,0,0,0,0,0,0,0,0,0,0,0,0
2026-09-23T08:51:19.579Z,324665078000000,0x0517,0x0104,-10,2,63,-99117,-99117,0,-43967,-43959,2001,201238,1,0,0,0,3,4,0,0,0,8,8,0,1,2,1,-100000,-100000,2,0,2,0,1,0,0,0,0,0,0,0,0,0,0,0,0,0,0,0,0,0,0
2026-09-23T08:51:19.919Z,324665421000000,0x0517,0x0104,-10,2,63,-96865,-96865,0,-43955,-43961,2005,201630,1,0,0,0,3,4,0,0,0,8,8,0,1,2,1,-100000,-100000,2,0,2,0,1,0,0,0,0,0,0,0,0,0,0,0,0,0,0,0,0,0,0
2026-09-23T08:51:20.258Z,324665765000000,0x0517,0x0104,-10,2,63,-101370,-101370,0,-43946,-43957,2008,201931,1,0,0,0,3,4,0,0,0,8,8,0,1,2,1,-100000,-100000,2,0,2,0,1,0,0,0,0,0,0,0,0,0,0,0,0,0,0,0,0,0,0
2026-09-23T08:51:20.600Z,324666093000000,0x0517,0x0104,-10,2,63,-105875,-105875,0,-43952,-43953,2011,202258,1,0,0,0,3,4,0,0,0,8,8,0,1,2,1,-100000,-100000,2,0,2,0,1,0,0,0,0,0,0,0,0,0,0,0,0,0,0,0,0,0,0
2026-09-23T08:51:20.938Z,324666437000000,0x0517,0x0104,-10,2,63,-102496,-102496,0,-43957,-43956,2015,202640,1,0,0,0,3,4,0,0,0,8,8,0,1,2,1,-100000,-100000,2,0,2,0,1,0,0,0,0,0,0,0,0,0,0,0,0,0,0,0,0,0,0
2026-09-23T08:51:21.278Z,324666781000000,0x0517,0x0104,-10,2,63,-102496,-102496,0,-43962,-43956,2018,202936,1,0,0,0,3,4,0,0,0,8,8,0,1,2,1,-100000,-100000,2,0,2,0,1,0,0,0,0,0,0,0,0,0,0,0,0,0,0,0,0,0,0
2026-09-23T08:51:21.621Z,324667125000000,0x0517,0x0104,-10,2,63,-99117,-99117,0,-43950,-43959,2021,203276,1,0,0,0,3,4,0,0,0,8,8,0,1,2,1,-100000,-100000,2,0,2,0,1,0,0,0,0,0,0,0,0,0,0,0,0,0,0,0,0,0,0
2026-09-23T08:51:21.960Z,324667453000000,0x0517,0x0104,-10,2,63,-101370,-101370,0,-43973,-43957,2025,203634,1,0,0,0,3,4,0,0,0,8,8,0,1,2,1,-100000,-100000,2,0,2,0,1,0,0,0,0,0,0,0,0,0,0,0,0,0,0,0,0,0,0
2026-09-23T08:51:22.301Z,324667796000000,0x0517,0x0104,-10,2,63,-96865,-96865,0,-43966,-43961,2028,203959,1,0,0,0,3,4,0,0,0,8,8,0,1,2,1,-100000,-100000,2,0,2,0,1,0,0,0,0,0,0,0,0,0,0,0,0,0,0,0,0,0,0
2026-09-23T08:51:22.638Z,324668140000000,0x0517,0x0104,-10,2,63,-90107,-90107,0,-43967,-43967,2032,204342,1,0,0,0,3,4,0,0,0,8,8,0,1,2,1,-100000,-100000,2,0,2,0,1,0,0,0,0,0,0,0,0,0,0,0,0,0,0,0,0,0,0
2026-09-23T08:51:22.979Z,324668484000000,0x0517,0x0104,-10,2,63,-87854,-87854,0,-43962,-43969,2035,204638,1,0,0,0,3,4,0,0,0,8,8,0,1,2,1,-100000,-100000,2,0,2,0,1,0,0,0,0,0,0,0,0,0,0,0,0,0,0,0,0,0,0
2026-09-23T08:51:23.321Z,324668828000000,0x0517,0x0104,-10,2,63,-90107,-90107,0,-43968,-43967,2038,204977,1,0,0,0,3,4,0,0,0,8,8,0,1,2,1,-100000,-100000,2,0,2,0,1,0,0,0,0,0,0,0,0,0,0,0,0,0,0,0,0,0,0
2026-09-23T08:51:23.663Z,324669156000000,0x0517,0x0104,-10,2,63,-94612,-94612,0,-43957,-43963,2042,205362,1,0,0,0,3,4,0,0,0,8,8,0,1,2,1,-100000,-100000,2,0,2,0,1,0,0,0,0,0,0,0,0,0,0,0,0,0,0,0,0,0,0
2026-09-23T08:51:24.004Z,324669500000000,0x0517,0x0104,-10,2,63,-95738,-95738,0,-43972,-43962,2045,205662,1,0,0,0,3,4,0,0,0,8,8,0,1,2,1,-100000,-100000,2,0,2,0,1,0,0,0,0,0,0,0,0,0,0,0,0,0,0,0,0,0,0
2026-09-23T08:51:24.339Z,324669843000000,0x0517,0x0104,-10,2,63,-96865,-96865,0,-43956,-43961,2049,206045,1,0,0,0,3,4,0,0,0,8,8,0,1,2,1,-100000,-100000,2,0,2,0,1,0,0,0,0,0,0,0,0,0,0,0,0,0,0,0,0,0,0
2026-09-23T08:51:24.679Z,324670187000000,0x0517,0x0104,-10,2,63,-100244,-100244,0,-43948,-43958,2052,206339,1,0,0,0,3,4,0,0,0,8,8,0,1,2,1,-100000,-100000,2,0,2,0,1,0,0,0,0,0,0,0,0,0,0,0,0,0,0,0,0,0,0
2026-09-23T08:51:25.022Z,324670515000000,0x0517,0x0104,-10,2,63,-103623,-103623,0,-43946,-43955,2055,206680,1,0,0,0,3,4,0,0,0,8,8,0,1,2,1,-100000,-100000,2,0,2,0,1,0,0,0,0,0,0,0,0,0,0,0,0,0,0,0,0,0,0
2026-09-23T08:51:25.360Z,324670859000000,0x0517,0x0104,-10,2,63,-111507,-111507,0,-43942,-43948,2059,207062,1,0,0,0,3,4,0,0,0,8,8,0,1,2,1,-100000,-100000,2,0,2,0,1,0,0,0,0,0,0,0,0,0,0,0,0,0,0,0,0,0,0
2026-09-23T08:51:25.702Z,324671203000000,0x0517,0x0104,-10,2,63,-111507,-111507,0,-43954,-43948,2062,207361,1,0,0,0,3,4,0,0,0,8,8,0,1,2,1,-100000,-100000,2,0,2,0,1,0,0,0,0,0,0,0,0,0,0,0,0,0,0,0,0,0,0
2026-09-23T08:51:26.042Z,324671546000000,0x0517,0x0104,-10,2,63,-107002,-107002,0,-43951,-43952,2066,207743,1,0,0,0,3,4,0,0,0,8,8,0,1,2,1,-100000,-100000,2,0,2,0,1,0,0,0,0,0,0,0,0,0,0,0,0,0,0,0,0,0,0
2026-09-23T08:51:26.383Z,324671890000000,0x0517,0x0104,-10,2,63,-107002,-107002,0,-43951,-43952,2069,208041,1,0,0,0,3,4,0,0,0,8,8,0,1,2,1,-100000,-100000,2,0,2,0,1,0,0,0,0,0,0,0,0,0,0,0,0,0,0,0,0,0,0
2026-09-23T08:51:26.722Z,324672218000000,0x0517,0x0104,-10,2,63,-107002,-107002,0,-43951,-43952,2072,208384,1,0,0,0,3,4,0,0,0,8,8,0,1,2,1,-100000,-100000,2,0,2,0,1,0,0,0,0,0,0,0,0,0,0,0,0,0,0,0,0,0,0
2026-09-23T08:51:27.061Z,324672562000000,0x0517,0x0104,-10,2,63,-108128,-108128,0,-43947,-43951,2076,208763,1,0,0,0,3,4,0,0,0,8,8,0,1,2,1,-100000,-100000,2,0,2,0,1,0,0,0,0,0,0,0,0,0,0,0,0,0,0,0,0,0,0
2026-09-23T08:51:27.403Z,324672906000000,0x0517,0x0104,-10,2,63,-109254,-109254,0,-43947,-43950,2079,209060,1,0,0,0,3,4,0,0,0,8,8,0,1,2,1,-100000,-100000,2,0,2,0,1,0,0,0,0,0,0,0,0,0,0,0,0,0,0,0,0,0,0
2026-09-23T08:51:27.738Z,324673234000000,0x0517,0x0104,-10,2,63,-109254,-109254,0,-43949,-43950,2083,209445,1,0,0,0,3,4,0,0,0,8,8,0,1,2,1,-100000,-100000,2,0,2,0,1,0,0,0,0,0,0,0,0,0,0,0,0,0,0,0,0,0,0
2026-09-23T08:51:28.080Z,324673578000000,0x0517,0x0104,-10,2,63,-107002,-107002,0,-43952,-43952,2086,209744,1,0,0,0,3,4,0,0,0,8,8,0,1,2,1,-100000,-100000,2,0,2,0,1,0,0,0,0,0,0,0,0,0,0,0,0,0,0,0,0,0,0
2026-09-23T08:51:28.417Z,324673921000000,0x0517,0x0104,-10,2,63,-103623,-103623,0,-43949,-43955,2089,210079,1,0,0,0,3,4,0,0,0,8,8,0,1,2,1,-100000,-100000,2,0,2,0,1,0,0,0,0,0,0,0,0,0,0,0,0,0,0,0,0,0,0
2026-09-23T08:51:28.758Z,324674265000000,0x0517,0x0104,-10,2,63,-104749,-104749,0,-43961,-43954,2093,210458,1,0,0,0,3,4,0,0,0,8,8,0,1,2,1,-100000,-100000,2,0,2,0,1,0,0,0,0,0,0,0,0,0,0,0,0,0,0,0,0,0,0
2026-09-23T08:51:29.098Z,324674593000000,0x0517,0x0104,-10,2,63,-102496,-102496,0,-43943,-43956,2096,210758,1,0,0,0,3,4,0,0,0,8,8,0,1,2,1,-100000,-100000,2,0,2,0,1,0,0,0,0,0,0,0,0,0,0,0,0,0,0,0,0,0,0
2026-09-23T08:51:29.436Z,324674937000000,0x0517,0x0104,-10,2,63,-102496,-102496,0,-43925,-43956,2100,211147,1,0,0,0,3,4,0,0,0,8,8,0,1,2,1,-100000,-100000,2,0,2,0,1,0,0,0,0,0,0,0,0,0,0,0,0,0,0,0,0,0,0
2026-09-23T08:51:29.775Z,324675281000000,0x0517,0x0104,-10,2,63,-104749,-104749,0,-43957,-43954,2103,211448,1,0,0,0,3,4,0,0,0,8,8,0,1,2,1,-100000,-100000,2,0,2,0,1,0,0,0,0,0,0,0,0,0,0,0,0,0,0,0,0,0,0
2026-09-23T08:51:30.115Z,324675609000000,0x0517,0x0104,-10,2,63,-101370,-101370,0,-43957,-43957,2106,211774,1,0,0,0,3,4,0,0,0,8,8,0,1,2,1,-100000,-100000,2,0,2,0,1,0,0,0,0,0,0,0,0,0,0,0,0,0,0,0,0,0,0
2026-09-23T08:51:30.451Z,324675953000000,0x0517,0x0104,-10,2,63,-100244,-100244,0,-43970,-43958,2110,212156,1,0,0,0,3,4,0,0,0,8,8,0,1,2,1,-100000,-100000,2,0,2,0,1,0,0,0,0,0,0,0,0,0,0,0,0,0,0,0,0,0,0
2026-09-23T08:51:30.790Z,324676296000000,0x0517,0x0104,-10,2,63,-96865,-96865,0,-43968,-43961,2113,212451,1,0,0,0,3,4,0,0,0,8,8,0,1,2,1,-100000,-100000,2,0,2,0,1,0,0,0,0,0,0,0,0,0,0,0,0,0,0,0,0,0,0
2026-09-23T08:51:31.131Z,324676625000000,0x0517,0x0104,-10,2,63,-101370,-101370,0,-43950,-43957,2116,212790,1,0,0,0,3,4,0,0,0,8,8,0,1,2,1,-100000,-100000,2,0,2,0,1,0,0,0,0,0,0,0,0,0,0,0,0,0,0,0,0,0,0
2026-09-23T08:51:31.472Z,324676968000000,0x0517,0x0104,-10,2,63,-104749,-104749,0,-43938,-43954,2120,213171,1,0,0,0,3,4,0,0,0,8,8,0,1,2,1,-100000,-100000,2,0,2,0,1,0,0,0,0,0,0,0,0,0,0,0,0,0,0,0,0,0,0
2026-09-23T08:51:31.816Z,324677312000000,0x0517,0x0104,-10,2,63,-102496,-102496,0,-43957,-43956,2123,213471,1,0,0,0,3,4,0,0,0,8,8,0,1,2,1,-100000,-100000,2,0,2,0,1,0,0,0,0,0,0,0,0,0,0,0,0,0,0,0,0,0,0
2026-09-23T08:51:32.156Z,324677656000000,0x0517,0x0104,-10,2,63,-101370,-101370,0,-43968,-43957,2127,213857,1,0,0,0,3,4,0,0,0,8,8,0,1,2,1,-100000,-100000,2,0,2,0,1,0,0,0,0,0,0,0,0,0,0,0,0,0,0,0,0,0,0
2026-09-23T08:51:32.495Z,324678000000000,0x0517,0x0104,-10,2,63,-104749,-104749,0,-43955,-43954,2130,214155,1,0,0,0,3,4,0,0,0,8,8,0,1,2,1,-100000,-100000,2,0,2,0,1,0,0,0,0,0,0,0,0,0,0,0,0,0,0,0,0,0,0
2026-09-23T08:51:32.834Z,324678328000000,0x0517,0x0104,-10,2,63,-102496,-102496,0,-43964,-43956,2133,214494,1,0,0,0,3,4,0,0,0,8,8,0,1,2,1,-100000,-100000,2,0,2,0,1,0,0,0,0,0,0,0,0,0,0,0,0,0,0,0,0,0,0
2026-09-23T08:51:33.175Z,324678671000000,0x0517,0x0104,-10,2,63,-99117,-99117,0,-43958,-43959,2137,214875,1,0,0,0,3,4,0,0,0,8,8,0,1,2,1,-100000,-100000,2,0,2,0,1,0,0,0,0,0,0,0,0,0,0,0,0,0,0,0,0,0,0
2026-09-23T08:51:33.518Z,324679015000000,0x0517,0x0104,-10,2,63,-99117,-99117,0,-43957,-43959,2140,215174,1,0,0,0,3,4,0,0,0,8,8,0,1,2,1,-100000,-100000,2,0,2,0,1,0,0,0,0,0,0,0,0,0,0,0,0,0,0,0,0,0,0
2026-09-23T08:51:33.857Z,324679359000000,0x0517,0x0104,-10,2,63,-101370,-101370,0,-43948,-43957,2144,215560,1,0,0,0,3,4,0,0,0,8,8,0,1,2,1,-100000,-100000,2,0,2,0,1,0,0,0,0,0,0,0,0,0,0,0,0,0,0,0,0,0,0
2026-09-23T08:51:34.198Z,324679703000000,0x0517,0x0104,-10,2,63,-103623,-103623,0,-43954,-43955,2147,215857,1,0,0,0,3,4,0,0,0,8,8,0,1,2,1,-100000,-100000,2,0,2,0,1,0,0,0,0,0,0,0,0,0,0,0,0,0,0,0,0,0,0
2026-09-23T08:51:34.540Z,324680046000000,0x0517,0x0104,-10,2,63,-103623,-103623,0,-43958,-43955,2150,216199,1,0,0,0,3,4,0,0,0,8,8,0,1,2,1,-100000,-100000,2,0,2,0,1,0,0,0,0,0,0,0,0,0,0,0,0,0,0,0,0,0,0
2026-09-23T08:51:34.881Z,324680375000000,0x0517,0x0104,-10,2,63,-99117,-99117,0,-43952,-43959,2154,216581,1,0,0,0,3,4,0,0,0,8,8,0,1,2,1,-100000,-100000,2,0,2,0,1,0,0,0,0,0,0,0,0,0,0,0,0,0,0,0,0,0,0
2026-09-23T08:51:35.224Z,324680718000000,0x0517,0x0104,-10,2,63,-99117,-99117,0,-43957,-43959,2157,216882,1,0,0,0,3,4,0,0,0,8,8,0,1,2,1,-100000,-100000,2,0,2,0,1,0,0,0,0,0,0,0,0,0,0,0,0,0,0,0,0,0,0
2026-09-23T08:51:35.554Z,324681062000000,0x0517,0x0104,-10,2,63,-95738,-95738,0,-43972,-43962,2161,217266,1,0,0,0,3,4,0,0,0,8,8,0,1,2,1,-100000,-100000,2,0,2,0,1,0,0,0,0,0,0,0,0,0,0,0,0,0,0,0,0,0,0
2026-09-23T08:51:35.893Z,324681390000000,0x0517,0x0104,-10,2,63,-95738,-95738,0,-43946,-43962,2164,217559,1,0,0,0,3,4,0,0,0,8,8,0,1,2,1,-100000,-100000,2,0,2,0,1,0,0,0,0,0,0,0,0,0,0,0,0,0,0,0,0,0,0
2026-09-23T08:51:36.225Z,324681718000000,0x0517,0x0104,-10,2,63,-99117,-99117,0,-43969,-43959,2167,217894,1,0,0,0,3,4,0,0,0,8,8,0,1,2,1,-100000,-100000,2,0,2,0,1,0,0,0,0,0,0,0,0,0,0,0,0,0,0,0,0,0,0
2026-09-23T08:51:36.563Z,324682062000000,0x0517,0x0104,-10,2,63,-96865,-96865,0,-43956,-43961,2171,218267,1,0,0,0,3,4,0,0,0,8,8,0,1,2,1,-100000,-100000,2,0,2,0,1,0,0,0,0,0,0,0,0,0,0,0,0,0,0,0,0,0,0
2026-09-23T08:51:36.902Z,324682406000000,0x0517,0x0104,-10,2,63,-100244,-100244,0,-43953,-43958,2174,218563,1,0,0,0,3,4,0,0,0,8,8,0,1,2,1,-100000,-100000,2,0,2,0,1,0,0,0,0,0,0,0,0,0,0,0,0,0,0,0,0,0,0
2026-09-23T08:51:37.242Z,324682750000000,0x0517,0x0104,-10,2,63,-100244,-100244,0,-43964,-43958,2177,218904,1,0,0,0,3,4,0,0,0,8,8,0,1,2,1,-100000,-100000,2,0,2,0,1,0,0,0,0,0,0,0,0,0,0,0,0,0,0,0,0,0,0
2026-09-23T08:51:37.581Z,324683078000000,0x0517,0x0104,-10,2,63,-97991,-97991,0,-43969,-43960,2181,219284,1,0,0,0,3,4,0,0,0,8,8,0,1,2,1,-100000,-100000,2,0,2,0,1,0,0,0,0,0,0,0,0,0,0,0,0,0,0,0,0,0,0
2026-09-23T08:51:37.925Z,324683421000000,0x0517,0x0104,-10,2,63,-95738,-95738,0,-43956,-43962,2184,219582,1,0,0,0,3,4,0,0,0,8,8,0,1,2,1,-100000,-100000,2,0,2,0,1,0,0,0,0,0,0,0,0,0,0,0,0,0,0,0,0,0,0
2026-09-23T08:51:38.265Z,324683765000000,0x0517,0x0104,-10,2,63,-99117,-99117,0,-43956,-43959,2188,219967,1,0,0,0,3,4,0,0,0,8,8,0,1,2,1,-100000,-100000,2,0,2,0,1,0,0,0,0,0,0,0,0,0,0,0,0,0,0,0,0,0,0
2026-09-23T08:51:38.603Z,324684109000000,0x0517,0x0104,-10,2,63,-99117,-99117,0,-43959,-43959,2191,220265,1,0,0,0,3,4,0,0,0,8,8,0,1,2,1,-100000,-100000,2,0,2,0,1,0,0,0,0,0,0,0,0,0,0,0,0,0,0,0,0,0,0
2026-09-23T08:51:38.942Z,324684437000000,0x0517,0x0104,-10,2,63,-97991,-97991,0,-43962,-43960,2194,220605,1,0,0,0,3,4,0,0,0,8,8,0,1,2,1,-100000,-100000,2,0,2,0,1,0,0,0,0,0,0,0,0,0,0,0,0,0,0,0,0,0,0
2026-09-23T08:51:39.283Z,324684781000000,0x0517,0x0104,-10,2,63,-94612,-94612,0,-43971,-43963,2198,220984,1,0,0,0,3,4,0,0,0,8,8,0,1,2,1,-100000,-100000,2,0,2,0,1,0,0,0,0,0,0,0,0,0,0,0,0,0,0,0,0,0,0
2026-09-23T08:51:39.627Z,324685125000000,0x0517,0x0104,-10,2,63,-93486,-93486,0,-43950,-43964,2201,221285,1,0,0,0,3,4,0,0,0,8,8,0,1,2,1,-100000,-100000,2,0,2,0,1,0,0,0,0,0,0,0,0,0,0,0,0,0,0,0,0,0,0
2026-09-23T08:51:39.968Z,324685468000000,0x0517,0x0104,-10,2,63,-91233,-91233,0,-43953,-43966,2205,221668,1,0,0,0,3,4,0,0,0,8,8,0,1,2,1,-100000,-100000,2,0,2,0,1,0,0,0,0,0,0,0,0,0,0,0,0,0,0,0,0,0,0
2026-09-23T08:51:40.305Z,324685812000000,0x0517,0x0104,-10,2,63,-91233,-91233,0,-43958,-43966,2208,221967,1,0,0,0,3,4,0,0,0,8,8,0,1,2,1,-100000,-100000,2,0,2,0,1,0,0,0,0,0,0,0,0,0,0,0,0,0,0,0,0,0,0
2026-09-23T08:51:40.643Z,324686140000000,0x0517,0x0104,-10,2,63,-94612,-94612,0,-43953,-43963,2211,222306,1,0,0,0,3,4,0,0,0,8,8,0,1,2,1,-100000,-100000,2,0,2,0,1,0,0,0,0,0,0,0,0,0,0,0,0,0,0,0,0,0,0
2026-09-23T08:51:40.983Z,324686484000000,0x0517,0x0104,-10,2,63,-95738,-95738,0,-43960,-43962,2215,222685,1,0,0,0,3,4,0,0,0,8,8,0,1,2,1,-100000,-100000,2,0,2,0,1,0,0,0,0,0,0,0,0,0,0,0,0,0,0,0,0,0,0
2026-09-23T08:51:41.322Z,324686828000000,0x0517,0x0104,-10,2,63,-96865,-96865,0,-43961,-43961,2218,222982,1,0,0,0,3,4,0,0,0,8,8,0,1,2,1,-100000,-100000,2,0,2,0,1,0,0,0,0,0,0,0,0,0,0,0,0,0,0,0,0,0,0
2026-09-23T08:51:41.657Z,324687156000000,0x0517,0x0104,-10,2,63,-97991,-97991,0,-43951,-43960,2222,223369,1,0,0,0,3,4,0,0,0,8,8,0,1,2,1,-100000,-100000,2,0,2,0,1,0,0,0,0,0,0,0,0,0,0,0,0,0,0,0,0,0,0
2026-09-23T08:51:41.997Z,324687500000000,0x0517,0x0104,-10,2,63,-101370,-101370,0,-43953,-43957,2225,223670,1,0,0,0,3,4,0,0,0,8,8,0,1,2,1,-100000,-100000,2,0,2,0,1,0,0,0,0,0,0,0,0,0,0,0,0,0,0,0,0,0,0
2026-09-23T08:51:42.337Z,324687843000000,0x0517,0x0104,-10,2,63,-101370,-101370,0,-43978,-43957,2228,223998,1,0,0,0,3,4,0,0,0,8,8,0,1,2,1,-100000,-100000,2,0,2,0,1,0,0,0,0,0,0,0,0,0,0,0,0,0,0,0,0,0,0
2026-09-23T08:51:42.673Z,324688171000000,0x0517,0x0104,-10,2,63,-99117,-99117,0,-43959,-43959,2232,224379,1,0,0,0,3,4,0,0,0,8,8,0,1,2,1,-100000,-100000,2,0,2,0,1,0,0,0,0,0,0,0,0,0,0,0,0,0,0,0,0,0,0
2026-09-23T08:51:43.014Z,324688515000000,0x0517,0x0104,-10,2,63,-100244,-100244,0,-43954,-43958,2235,224675,1,0,0,0,3,4,0,0,0,8,8,0,1,2,1,-100000,-100000,2,0,2,0,1,0,0,0,0,0,0,0,0,0,0,0,0,0,0,0,0,0,0
2026-09-23T08:51:43.352Z,324688859000000,0x0517,0x0104,-10,2,63,-100244,-100244,0,-43971,-43958,2238,225015,1,0,0,0,3,4,0,0,0,8,8,0,1,2,1,-100000,-100000,2,0,2,0,1,0,0,0,0,0,0,0,0,0,0,0,0,0,0,0,0,0,0
2026-09-23T08:51:43.693Z,324689187000000,0x0517,0x0104,-10,2,63,-97991,-97991,0,-43940,-43960,2242,225394,1,0,0,0,3,4,0,0,0,8,8,0,1,2,1,-100000,-100000,2,0,2,0,1,0,0,0,0,0,0,0,0,0,0,0,0,0,0,0,0,0,0
2026-09-23T08:51:44.038Z,324689531000000,0x0517,0x0104,-10,2,63,-99117,-99117,0,-43954,-43959,2245,225694,1,0,0,0,3,4,0,0,0,8,8,0,1,2,1,-100000,-100000,2,0,2,0,1,0,0,0,0,0,0,0,0,0,0,0,0,0,0,0,0,0,0
2026-09-23T08:51:44.376Z,324689875000000,0x0517,0x0104,-10,2,63,-94612,-94612,0,-43961,-43963,2249,226081,1,0,0,0,3,4,0,0,0,8,8,0,1,2,1,-100000,-100000,2,0,2,0,1,0,0,0,0,0,0,0,0,0,0,0,0,0,0,0,0,0,0
2026-09-23T08:51:44.716Z,324690218000000,0x0517,0x0104,-10,2,63,-96865,-96865,0,-43960,-43961,2252,226376,1,0,0,0,3,4,0,0,0,8,8,0,1,2,1,-100000,-100000,2,0,2,0,1,0,0,0,0,0,0,0,0,0,0,0,0,0,0,0,0,0,0
2026-09-23T08:51:45.055Z,324690562000000,0x0517,0x0104,-10,2,63,-96865,-96865,0,-43976,-43961,2255,226716,1,0,0,0,3,4,0,0,0,8,8,0,1,2,1,-100000,-100000,2,0,2,0,1,0,0,0,0,0,0,0,0,0,0,0,0,0,0,0,0,0,0
2026-09-23T08:51:45.398Z,324690906000000,0x0517,0x0104,-10,2,63,-99117,-99117,0,-43965,-43959,2259,227098,1,0,0,0,3,4,0,0,0,8,8,0,1,2,1,-100000,-100000,2,0,2,0,1,0,0,0,0,0,0,0,0,0,0,0,0,0,0,0,0,0,0
2026-09-23T08:51:45.741Z,324691234000000,0x0517,0x0104,-10,2,63,-96865,-96865,0,-43974,-43961,2262,227399,1,0,0,0,3,4,0,0,0,8,8,0,1,2,1,-100000,-100000,2,0,2,0,1,0,0,0,0,0,0,0,0,0,0,0,0,0,0,0,0,0,0
2026-09-23T08:51:46.078Z,324691578000000,0x0517,0x0104,-10,2,63,-94612,-94612,0,-43971,-43963,2266,227783,1,0,0,0,3,4,0,0,0,8,8,0,1,2,1,-100000,-100000,2,0,2,0,1,0,0,0,0,0,0,0,0,0,0,0,0,0,0,0,0,0,0
2026-09-23T08:51:46.417Z,324691921000000,0x0517,0x0104,-10,2,63,-92359,-92359,0,-43971,-43965,2269,228079,1,0,0,0,3,4,0,0,0,8,8,0,1,2,1,-100000,-100000,2,0,2,0,1,0,0,0,0,0,0,0,0,0,0,0,0,0,0,0,0,0,0
2026-09-23T08:51:46.759Z,324692265000000,0x0517,0x0104,-10,2,63,-88980,-88980,0,-43989,-43968,2272,228418,1,0,0,0,3,4,0,0,0,8,8,0,1,2,1,-100000,-100000,2,0,2,0,1,0,0,0,0,0,0,0,0,0,0,0,0,0,0,0,0,0,0
2026-09-23T08:51:47.098Z,324692593000000,0x0517,0x0104,-10,2,63,-90107,-90107,0,-43964,-43967,2276,228801,1,0,0,0,3,4,0,0,0,8,8,0,1,2,1,-100000,-100000,2,0,2,0,1,0,0,0,0,0,0,0,0,0,0,0,0,0,0,0,0,0,0
2026-09-23T08:51:47.442Z,324692937000000,0x0517,0x0104,-10,2,63,-86728,-86728,0,-43959,-43970,2279,229100,1,0,0,0,3,4,0,0,0,8,8,0,1,2,1,-100000,-100000,2,0,2,0,1,0,0,0,0,0,0,0,0,0,0,0,0,0,0,0,0,0,0
2026-09-23T08:51:47.776Z,324693281000000,0x0517,0x0104,-10,2,63,-90107,-90107,0,-43968,-43967,2283,229485,1,0,0,0,3,4,0,0,0,8,8,0,1,2,1,-100000,-100000,2,0,2,0,1,0,0,0,0,0,0,0,0,0,0,0,0,0,0,0,0,0,0
2026-09-23T08:51:48.118Z,324693625000000,0x0517,0x0104,-10,2,63,-90107,-90107,0,-43959,-43967,2286,229781,1,0,0,0,3,4,0,0,0,8,8,0,1,2,1,-100000,-100000,2,0,2,0,1,0,0,0,0,0,0,0,0,0,0,0,0,0,0,0,0,0,0
2026-09-23T08:51:48.459Z,324693953000000,0x0517,0x0104,-10,2,63,-92359,-92359,0,-43962,-43965,2289,230119,1,0,0,0,3,4,0,0,0,8,8,0,1,2,1,-100000,-100000,2,0,2,0,1,0,0,0,0,0,0,0,0,0,0,0,0,0,0,0,0,0,0
2026-09-23T08:51:48.799Z,324694296000000,0x0517,0x0104,-10,2,63,-92359,-92359,0,-43959,-43965,2293,230501,1,0,0,0,3,4,0,0,0,8,8,0,1,2,1,-100000,-100000,2,0,2,0,1,0,0,0,0,0,0,0,0,0,0,0,0,0,0,0,0,0,0
2026-09-23T08:51:49.142Z,324694640000000,0x0517,0x0104,-10,2,63,-92359,-92359,0,-43953,-43965,2296,230800,1,0,0,0,3,4,0,0,0,8,8,0,1,2,1,-100000,-100000,2,0,2,0,1,0,0,0,0,0,0,0,0,0,0,0,0,0,0,0,0,0,0
2026-09-23T08:51:49.479Z,324694984000000,0x0517,0x0104,-10,2,63,-96865,-96865,0,-43951,-43961,2300,231185,1,0,0,0,3,4,0,0,0,8,8,0,1,2,1,-100000,-100000,2,0,2,0,1,0,0,0,0,0,0,0,0,0,0,0,0,0,0,0,0,0,0
2026-09-23T08:51:49.818Z,324695312000000,0x0517,0x0104,-10,2,63,-100244,-100244,0,-43962,-43958,2303,231484,1,0,0,0,3,4,0,0,0,8,8,0,1,2,1,-100000,-100000,2,0,2,0,1,0,0,0,0,0,0,0,0,0,0,0,0,0,0,0,0,0,0
2026-09-23T08:51:50.154Z,324695656000000,0x0517,0x0104,-10,2,63,-96865,-96865,0,-43974,-43961,2306,231820,1,0,0,0,3,4,0,0,0,8,8,0,1,2,1,-100000,-100000,2,0,2,0,1,0,0,0,0,0,0,0,0,0,0,0,0,0,0,0,0,0,0
2026-09-23T08:51:50.491Z,324696000000000,0x0517,0x0104,-10,2,63,-95738,-95738,0,-43963,-43962,2310,232197,1,0,0,0,3,4,0,0,0,8,8,0,1,2,1,-100000,-100000,2,0,2,0,1,0,0,0,0,0,0,0,0,0,0,0,0,0,0,0,0,0,0
2026-09-23T08:51:50.831Z,324696328000000,0x0517,0x0104,-10,2,63,-95738,-95738,0,-43943,-43962,2313,232491,1,0,0,0,3,4,0,0,0,8,8,0,1,2,1,-100000,-100000,2,0,2,0,1,0,0,0,0,0,0,0,0,0,0,0,0,0,0,0,0,0,0
2026-09-23T08:51:51.170Z,324696671000000,0x0517,0x0104,-10,2,63,-95738,-95738,0,-43983,-43962,2316,232833,1,0,0,0,3,4,0,0,0,8,8,0,1,2,1,-100000,-100000,2,0,2,0,1,0,0,0,0,0,0,0,0,0,0,0,0,0,0,0,0,0,0
2026-09-23T08:51:51.509Z,324697015000000,0x0517,0x0104,-10,2,63,-88980,-88980,0,-43965,-43968,2320,233211,1,0,0,0,3,4,0,0,0,8,8,0,1,2,1,-100000,-100000,2,0,2,0,1,0,0,0,0,0,0,0,0,0,0,0,0,0,0,0,0,0,0
2026-09-23T08:51:51.851Z,324697359000000,0x0517,0x0104,-10,2,63,-85601,-85601,0,-43976,-43971,2323,233510,1,0,0,0,3,4,0,0,0,8,8,0,1,2,1,-100000,-100000,2,0,2,0,1,0,0,0,0,0,0,0,0,0,0,0,0,0,0,0,0,0,0
2026-09-23T08:51:52.190Z,324697687000000,0x0517,0x0104,-10,2,63,-86728,-86728,0,-43970,-43970,2327,233894,1,0,0,0,3,4,0,0,0,8,8,0,1,2,1,-100000,-100000,2,0,2,0,1,0,0,0,0,0,0,0,0,0,0,0,0,0,0,0,0,0,0
2026-09-23T08:51:52.530Z,324698031000000,0x0517,0x0104,-10,2,63,-91233,-91233,0,-43957,-43966,2330,234191,1,0,0,0,3,4,0,0,0,8,8,0,1,2,1,-100000,-100000,2,0,2,0,1,0,0,0,0,0,0,0,0,0,0,0,0,0,0,0,0,0,0
2026-09-23T08:51:52.869Z,324698375000000,0x0517,0x0104,-10,2,63,-93486,-93486,0,-43969,-43964,2333,234530,1,0,0,0,3,4,0,0,0,8,8,0,1,2,1,-100000,-100000,2,0,2,0,1,0,0,0,0,0,0,0,0,0,0,0,0,0,0,0,0,0,0
2026-09-23T08:51:53.211Z,324698718000000,0x0517,0x0104,-10,2,63,-88980,-88980,0,-43973,-43968,2337,234911,1,0,0,0,3,4,0,0,0,8,8,0,1,2,1,-100000,-100000,2,0,2,0,1,0,0,0,0,0,0,0,0,0,0,0,0,0,0,0,0,0,0
