utc,host_monotonic_ns,mcu_uptime_ms,sample_sequence,raw_adc,filtered_raw,raw_calibrated_mass_ug,uncompensated_gross_ug,filtered_mass_ug,pre_display_mass_ug,conditioned_display_mass_ug,display_count,display_decimals,gross_ug,net_ug,tare_ug,stable,zero,overload,zero_offset_raw,runtime_drift_offset_ug,filter_mode,filter_strength,sample_rate,gain,cs1237_state,buffered_samples,overrun_count,stability_spread_ug,battery_voltage_mv,fault_mask,display_condition_state,display_locked,event_label
2026-09-13T08:18:56.193Z,131835265000000,50320717,478620,-487888,-487882,,499974091,499971838,499971838,499966206,49997,2,499971838,499971838,0,1,0,0,,0,3,3,0,3,4,0,0,2253,,0,2,1,
2026-09-13T08:18:56.299Z,131835375000000,50320931,478622,-487899,-487886,,499974091,499976344,499976344,499966206,49997,2,499976344,499976344,0,1,0,0,,0,3,3,0,3,4,0,0,5632,,0,2,1,
2026-09-13T08:18:56.404Z,131835484000000,50321031,478623,-487870,-487887,,499974091,499977470,499977470,499966206,49997,2,499977470,499977470,0,1,0,0,,0,3,3,0,3,4,0,0,6758,,0,2,1,
2026-09-13T08:18:56.510Z,131835578000000,50321137,478624,-487881,-487886,,499974091,499976344,499976344,499966206,49997,2,499976344,499976344,0,1,0,0,,0,3,3,0,3,4,0,0,6758,,0,2,1,
2026-09-13T08:18:56.615Z,131835687000000,50321243,478625,-487881,-487885,,499974091,499975217,499975217,499966206,49997,2,499975217,499975217,0,1,0,0,,0,3,3,0,3,4,0,0,6758,,0,2,1,
2026-09-13T08:18:56.721Z,131835796000000,50321348,478626,-487872,-487884,,499974091,499974091,499974091,499966206,49997,2,499974091,499974091,0,1,0,0,,0,3,3,0,3,4,0,0,6758,,0,2,1,
2026-09-13T08:18:56.827Z,131835906000000,50321454,478627,-487891,-487884,,499974091,499974091,499974091,499966206,49997,2,499974091,499974091,0,1,0,0,,0,3,3,0,3,4,0,0,5632,,0,2,1,
2026-09-13T08:18:56.933Z,131836000000000,50321560,478628,-487889,-487885,,499974091,499975217,499975217,499966206,49997,2,499975217,499975217,0,1,0,0,,0,3,3,0,3,4,0,0,3379,,0,2,1,
2026-09-13T08:18:57.038Z,131836109000000,50321665,478629,-487888,-487886,,499974091,499976344,499976344,499966206,49997,2,499976344,499976344,0,1,0,0,,0,3,3,0,3,4,0,0,3379,,0,2,1,
2026-09-13T08:18:57.234Z,131836312000000,50321771,478630,-487874,-487886,,499976344,499976344,499976344,499966206,49997,2,499976344,499976344,0,1,0,0,,0,3,3,0,3,4,0,0,3379,,0,2,1,
2026-09-13T08:18:57.341Z,131836406000000,50321921,478632,-487884,-487886,,499976344,499976344,499976344,499966206,49997,2,499976344,499976344,0,1,0,0,,0,3,3,0,3,4,0,0,2253,,0,2,1,
2026-09-13T08:18:57.446Z,131836515000000,50322073,478633,-487893,-487886,,499976344,499976344,499976344,499966206,49997,2,499976344,499976344,0,1,0,0,,0,3,3,0,3,4,0,0,2253,,0,2,1,
2026-09-13T08:18:57.551Z,131836625000000,50322179,478634,-487890,-487887,,499976344,499977470,499977470,499966206,49997,2,499977470,499977470,0,1,0,0,,0,3,3,0,3,4,0,0,3379,,0,2,1,
2026-09-13T08:18:57.656Z,131836734000000,50322299,478636,-487880,-487886,,499976344,499976344,499976344,499966206,49997,2,499976344,499976344,0,1,0,0,,0,3,3,0,3,4,0,0,1126,,0,2,1,
2026-09-13T08:18:57.760Z,131836828000000,50322399,478637,-487878,-487885,,499976344,499975217,499975217,499966206,49997,2,499975217,499975217,0,1,0,0,,0,3,3,0,3,4,0,0,2253,,0,2,1,
2026-09-13T08:18:57.863Z,131836937000000,50322499,478638,-487885,-487884,,499976344,499974091,499974091,499966206,49997,2,499974091,499974091,0,1,0,0,,0,3,3,0,3,4,0,0,3379,,0,2,1,
2026-09-13T08:18:57.970Z,131837046000000,50322599,478639,-487896,-487884,,499976344,499974091,499974091,499966206,49997,2,499974091,499974091,0,1,0,0,,0,3,3,0,3,4,0,0,3379,,0,2,1,
2026-09-13T08:18:58.077Z,131837156000000,50322702,478640,-487910,-487886,,499976344,499976344,499976344,499966206,49997,2,499976344,499976344,0,1,0,0,,0,3,3,0,3,4,0,0,3379,,0,2,1,
2026-09-13T08:18:58.272Z,131837343000000,50322809,478641,-487894,-487887,,499978597,499977470,499977470,499966206,49997,2,499977470,499977470,0,1,0,0,,0,3,3,0,3,4,0,0,3379,,0,2,1,
2026-09-13T08:18:58.378Z,131837453000000,50323010,478643,-487900,-487889,,499978597,499979723,499979723,499966206,49997,2,499979723,499979723,0,1,0,0,,0,3,3,0,3,4,0,0,5632,,0,2,1,
2026-09-13T08:18:58.483Z,131837562000000,50323110,478644,-487906,-487890,,499978597,499980850,499980850,499966206,49997,2,499980850,499980850,0,1,0,0,,0,3,3,0,3,4,0,0,6759,,0,2,1,
2026-09-13T08:18:58.588Z,131837656000000,50323217,478645,-487891,-487891,,499978597,499981976,499981976,499966206,49997,2,499981976,499981976,0,1,0,0,,0,3,3,0,3,4,0,0,7885,,0,2,1,
2026-09-13T08:18:58.693Z,131837765000000,50323321,478646,-487871,-487891,,499978597,499981976,499981976,499966206,49997,2,499981976,499981976,0,1,0,0,,0,3,3,0,3,4,0,0,7885,,0,2,1,
2026-09-13T08:18:58.799Z,131837875000000,50323427,478647,-487879,-487889,,499978597,499979723,499979723,499966206,49997,2,499979723,499979723,0,1,0,0,,0,3,3,0,3,4,0,0,5632,,0,2,1,
2026-09-13T08:18:58.905Z,131837984000000,50323532,478648,-487895,-487888,,499978597,499978597,499978597,499966206,49997,2,499978597,499978597,0,1,0,0,,0,3,3,0,3,4,0,0,4506,,0,2,1,
2026-09-13T08:18:59.011Z,131838078000000,50323637,478649,-487893,-487889,,499978597,499979723,499979723,499966206,49997,2,499979723,499979723,0,1,0,0,,0,3,3,0,3,4,0,0,3379,,0,2,1,
2026-09-13T08:18:59.116Z,131838187000000,50323743,478650,-487901,-487890,,499978597,499980850,499980850,499966206,49997,2,499980850,499980850,0,1,0,0,,0,3,3,0,3,4,0,0,3379,,0,2,1,
2026-09-13T08:18:59.310Z,131838375000000,50323849,478651,-487892,-487890,,499979723,499980850,499980850,499966206,49997,2,499980850,499980850,0,1,0,0,,0,3,3,0,3,4,0,0,3379,,0,2,1,
2026-09-13T08:18:59.415Z,131838484000000,50324002,478653,-487885,-487889,,499979723,499979723,499979723,499966206,49997,2,499979723,499979723,0,1,0,0,,0,3,3,0,3,4,0,0,3379,,0,2,1,
2026-09-13T08:18:59.521Z,131838593000000,50324148,478654,-487879,-487888,,499979723,499978597,499978597,499966206,49997,2,499978597,499978597,0,1,0,0,,0,3,3,0,3,4,0,0,2253,,0,2,1,
2026-09-13T08:18:59.626Z,131838703000000,50324254,478655,-487883,-487887,,499979723,499977470,499977470,499966206,49997,2,499977470,499977470,0,1,0,0,,0,3,3,0,3,4,0,0,3380,,0,2,1,
2026-09-13T08:18:59.732Z,131838812000000,50324359,478656,-487886,-487886,,499979723,499976344,499976344,499966206,49997,2,499976344,499976344,0,1,0,0,,0,3,3,0,3,4,0,0,4506,,0,2,1,
2026-09-13T08:18:59.837Z,131838906000000,50324465,478657,-487883,-487886,,499979723,499976344,499976344,499966206,49997,2,499976344,499976344,0,1,0,0,,0,3,3,0,3,4,0,0,4506,,0,2,1,
2026-09-13T08:18:59.944Z,131839015000000,50324570,478658,-487883,-487886,,499979723,499976344,499976344,499966206,49997,2,499976344,499976344,0,1,0,0,,0,3,3,0,3,4,0,0,4506,,0,2,1,
2026-09-13T08:19:00.050Z,131839125000000,50324677,478659,-487891,-487886,,499979723,499976344,499976344,499966206,49997,2,499976344,499976344,0,1,0,0,,0,3,3,0,3,4,0,0,4506,,0,2,1,
2026-09-13T08:19:00.156Z,131839234000000,50324782,478660,-487894,-487887,,499979723,499977470,499977470,499966206,49997,2,499977470,499977470,0,1,0,0,,0,3,3,0,3,4,0,0,3379,,0,2,1,
2026-09-13T08:19:00.347Z,131839421000000,50324904,478662,-487894,-487889,,499978597,499979723,499979723,499966206,49997,2,499979723,499979723,0,1,0,0,,0,3,3,0,3,4,0,0,3379,,0,2,1,
2026-09-13T08:19:00.453Z,131839531000000,50325004,478663,-487881,-487888,,499978597,499978597,499978597,499966206,49997,2,499978597,499978597,0,1,0,0,,0,3,3,0,3,4,0,0,3379,,0,2,1,
2026-09-13T08:19:00.560Z,131839625000000,50325204,478665,-487900,-487886,,499978597,499976344,499976344,499966206,49997,2,499976344,499976344,0,1,0,0,,0,3,3,0,3,4,0,0,3379,,0,2,1,
2026-09-13T08:19:00.664Z,131839734000000,50325305,478666,-487895,-487887,,499978597,499977470,499977470,499966206,49997,2,499977470,499977470,0,1,0,0,,0,3,3,0,3,4,0,0,3379,,0,2,1,
2026-09-13T08:19:00.768Z,131839843000000,50325405,478667,-487876,-487888,,499978597,499978597,499978597,499966206,49997,2,499978597,499978597,0,1,0,0,,0,3,3,0,3,4,0,0,3379,,0,2,1,
2026-09-13T08:19:00.874Z,131839953000000,50325505,478668,-487885,-487888,,499978597,499978597,499978597,499966206,49997,2,499978597,499978597,0,1,0,0,,0,3,3,0,3,4,0,0,3379,,0,2,1,
2026-09-13T08:19:00.981Z,131840046000000,50325607,478669,-487891,-487888,,499978597,499978597,499978597,499966206,49997,2,499978597,499978597,0,1,0,0,,0,3,3,0,3,4,0,0,3379,,0,2,1,
2026-09-13T08:19:01.086Z,131840156000000,50325714,478670,-487894,-487888,,499978597,499978597,499978597,499966206,49997,2,499978597,499978597,0,1,0,0,,0,3,3,0,3,4,0,0,2253,,0,2,1,
2026-09-13T08:19:01.192Z,131840265000000,50325820,478671,-487895,-487889,,499978597,499979723,499979723,499966206,49997,2,499979723,499979723,0,1,0,0,,0,3,3,0,3,4,0,0,3379,,0,2,1,
2026-09-13T08:19:01.387Z,131840453000000,50325926,478672,-487890,-487890,,499980850,499980850,499980850,499966206,49997,2,499980850,499980850,0,1,0,0,,0,3,3,0,3,4,0,0,4506,,0,2,1,
2026-09-13T08:19:01.493Z,131840562000000,50326125,478674,-487875,-487889,,499980850,499979723,499979723,499966206,49997,2,499979723,499979723,0,1,0,0,,0,3,3,0,3,4,0,0,2253,,0,2,1,
2026-09-13T08:19:01.598Z,131840671000000,50326226,478675,-487875,-487887,,499980850,499977470,499977470,499966206,49997,2,499977470,499977470,0,1,0,0,,0,3,3,0,3,4,0,0,3380,,0,2,1,
2026-09-13T08:19:01.704Z,131840781000000,50326331,478676,-487892,-487885,,499980850,499975217,499975217,499966206,49997,2,499975217,499975217,0,1,0,0,,0,3,3,0,3,4,0,0,5633,,0,2,1,
2026-09-13T08:19:01.810Z,131840875000000,50326437,478677,-487887,-487885,,499980850,499975217,499975217,499966206,49997,2,499975217,499975217,0,1,0,0,,0,3,3,0,3,4,0,0,5633,,0,2,1,
2026-09-13T08:19:01.916Z,131840984000000,50326543,478678,-487898,-487886,,499980850,499976344,499976344,499966206,49997,2,499976344,499976344,0,1,0,0,,0,3,3,0,3,4,0,0,5633,,0,2,1,
2026-09-13T08:19:02.022Z,131841093000000,50326648,478679,-487875,-487886,,499980850,499976344,499976344,499966206,49997,2,499976344,499976344,0,1,0,0,,0,3,3,0,3,4,0,0,5633,,0,2,1,
2026-09-13T08:19:02.128Z,131841203000000,50326755,478680,-487887,-487886,,499980850,499976344,499976344,499966206,49997,2,499976344,499976344,0,1,0,0,,0,3,3,0,3,4,0,0,5633,,0,2,1,
2026-09-13T08:19:02.233Z,131841312000000,50326861,478681,-487894,-487886,,499980850,499976344,499976344,499966206,49997,2,499976344,499976344,0,1,0,0,,0,3,3,0,3,4,0,0,4506,,0,2,1,
2026-09-13T08:19:02.429Z,131841500000000,50326966,478682,-487882,-487886,,499972965,499976344,499976344,499966206,49997,2,499976344,499976344,0,1,0,0,,0,3,3,0,3,4,0,0,2253,,0,2,1,
2026-09-13T08:19:02.535Z,131841609000000,50327116,478684,-487871,-487883,,499972965,499972965,499972965,499966206,49997,2,499972965,499972965,0,1,0,0,,0,3,3,0,3,4,0,0,3379,,0,2,1,
2026-09-13T08:19:02.639Z,131841718000000,50327268,478685,-487890,-487881,,499972965,499970712,499970712,499966206,49997,2,499970712,499970712,0,1,0,0,,0,3,3,0,3,4,0,0,5632,,0,2,1,
2026-09-13T08:19:02.746Z,131841812000000,50327373,478686,-487869,-487880,,499972965,499969585,499969585,499966206,49997,2,499969585,499969585,0,1,0,0,,0,3,3,0,3,4,0,0,6759,,0,2,1,
2026-09-13T08:19:02.851Z,131841921000000,50327479,478687,-487871,-487879,,499972965,499968459,499968459,499966206,49997,2,499968459,499968459,0,1,0,0,,0,3,3,0,3,4,0,0,7885,,0,2,1,
2026-09-13T08:19:02.957Z,131842031000000,50327584,478688,-487877,-487878,,499972965,499967332,499967332,499966206,49997,2,499967332,499967332,0,1,0,0,,0,3,3,0,3,4,0,0,9012,,0,2,1,
2026-09-13T08:19:03.063Z,131842140000000,50327709,478690,-487893,-487877,,499972965,499966206,499966206,499966206,49997,2,499966206,499966206,0,1,0,0,,0,3,3,0,3,4,0,0,9011,,0,2,1,
2026-09-13T08:19:03.167Z,131842234000000,50327810,478691,-487898,-487879,,499972965,499968459,499968459,499966206,49997,2,499968459,499968459,0,1,0,0,,0,3,3,0,3,4,0,0,6759,,0,2,1,
2026-09-13T08:19:03.272Z,131842343000000,50327910,478692,-487880,-487881,,499972965,499970712,499970712,499966206,49997,2,499970712,499970712,0,1,0,0,,0,3,3,0,3,4,0,0,4506,,0,2,1,
2026-09-13T08:19:03.466Z,131842531000000,50328010,478693,-487875,-487881,,499969585,499970712,499970712,499966206,49997,2,499970712,499970712,0,1,0,0,,0,3,3,0,3,4,0,0,4506,,0,2,1,
2026-09-13T08:19:03.570Z,131842640000000,50328210,478695,-487882,-487879,,499969585,499968459,499968459,499966206,49997,2,499968459,499968459,0,1,0,0,,0,3,3,0,3,4,0,0,4506,,0,2,1,
2026-09-13T08:19:03.675Z,131842750000000,50328310,478696,-487890,-487879,,499969585,499968459,499968459,499966206,49997,2,499968459,499968459,0,1,0,0,,0,3,3,0,3,4,0,0,4506,,0,2,1,
2026-09-13T08:19:03.781Z,131842859000000,50328410,478697,-487876,-487879,,499969585,499968459,499968459,499966206,49997,2,499968459,499968459,0,1,0,0,,0,3,3,0,3,4,0,0,4506,,0,2,1,
2026-09-13T08:19:03.886Z,131842953000000,50328514,478698,-487895,-487880,,499969585,499969585,499969585,499966206,49997,2,499969585,499969585,0,1,0,0,,0,3,3,0,3,4,0,0,2253,,0,2,1,
2026-09-13T08:19:03.992Z,131843062000000,50328619,478699,-487899,-487882,,499969585,499971838,499971838,499966206,49997,2,499971838,499971838,0,1,0,0,,0,3,3,0,3,4,0,0,3379,,0,2,1,
2026-09-13T08:19:04.098Z,131843171000000,50328726,478700,-487888,-487884,,499969585,499974091,499974091,499966206,49997,2,499974091,499974091,0,1,0,0,,0,3,3,0,3,4,0,0,5632,,0,2,1,
2026-09-13T08:19:04.204Z,131843281000000,50328831,478701,-487878,-487885,,499969585,499975217,499975217,499966206,49997,2,499975217,499975217,0,1,0,0,,0,3,3,0,3,4,0,0,6758,,0,2,1,
2026-09-13T08:19:04.312Z,131843390000000,50328937,478702,-487885,-487885,,499969585,499975217,499975217,499966206,49997,2,499975217,499975217,0,1,0,0,,0,3,3,0,3,4,0,0,6758,,0,2,1,
2026-09-13T08:19:04.507Z,131843578000000,50329045,478703,-487890,-487885,,499976344,499975217,499975217,499966206,49997,2,499975217,499975217,0,1,0,0,,0,3,3,0,3,4,0,0,6758,,0,2,1,
2026-09-13T08:19:04.612Z,131843687000000,50329246,478705,-487889,-487887,,499976344,499977470,499977470,499966206,49997,2,499977470,499977470,0,1,0,0,,0,3,3,0,3,4,0,0,7885,,0,2,1,
2026-09-13T08:19:04.719Z,131843796000000,50329346,478706,-487895,-487888,,499976344,499978597,499978597,499966206,49997,2,499978597,499978597,0,1,0,0,,0,3,3,0,3,4,0,0,6759,,0,2,1,
2026-09-13T08:19:04.824Z,131843890000000,50329451,478707,-487889,-487888,,499976344,499978597,499978597,499966206,49997,2,499978597,499978597,0,1,0,0,,0,3,3,0,3,4,0,0,4506,,0,2,1,
2026-09-13T08:19:04.931Z,131844000000000,50329558,478708,-487890,-487888,,499976344,499978597,499978597,499966206,49997,2,499978597,499978597,0,1,0,0,,0,3,3,0,3,4,0,0,3380,,0,2,1,
2026-09-13T08:19:05.037Z,131844109000000,50329664,478709,-487876,-487888,,499976344,499978597,499978597,499966206,49997,2,499978597,499978597,0,1,0,0,,0,3,3,0,3,4,0,0,3380,,0,2,1,
2026-09-13T08:19:05.144Z,131844218000000,50329770,478710,-487890,-487888,,499976344,499978597,499978597,499966206,49997,2,499978597,499978597,0,1,0,0,,0,3,3,0,3,4,0,0,3380,,0,2,1,
2026-09-13T08:19:05.250Z,131844328000000,50329877,478711,-487892,-487888,,499976344,499978597,499978597,499966206,49997,2,499978597,499978597,0,1,0,0,,0,3,3,0,3,4,0,0,2253,,0,2,1,
2026-09-13T08:19:05.356Z,131844421000000,50329983,478712,-487888,-487888,,499976344,499978597,499978597,499966206,49997,2,499978597,499978597,0,1,0,0,,0,3,3,0,3,4,0,0,1127,,0,2,1,
2026-09-13T08:19:05.550Z,131844625000000,50330089,478713,-487899,-487889,,499981976,499979723,499979723,499966206,49997,2,499979723,499979723,0,1,0,0,,0,3,3,0,3,4,0,0,1126,,0,2,1,
2026-09-13T08:19:05.657Z,131844734000000,50330214,478715,-487882,-487891,,499981976,499981976,499981976,499966206,49997,2,499981976,499981976,0,1,0,0,,0,3,3,0,3,4,0,0,3379,,0,2,1,
2026-09-13T08:19:05.762Z,131844828000000,50330389,478716,-487894,-487891,,499981976,499981976,499981976,499966206,49997,2,499981976,499981976,0,1,0,0,,0,3,3,0,3,4,0,0,3379,,0,2,1,
2026-09-13T08:19:05.868Z,131844937000000,50330515,478718,-487882,-487889,,499981976,499979723,499979723,499966206,49997,2,499979723,499979723,0,1,0,0,,0,3,3,0,3,4,0,0,3379,,0,2,1,
2026-09-13T08:19:05.973Z,131845046000000,50330615,478719,-487890,-487888,,499981976,499978597,499978597,499966206,49997,2,499978597,499978597,0,1,0,0,,0,3,3,0,3,4,0,0,3379,,0,2,1,
2026-09-13T08:19:06.078Z,131845156000000,50330715,478720,-487888,-487888,,499981976,499978597,499978597,499966206,49997,2,499978597,499978597,0,1,0,0,,0,3,3,0,3,4,0,0,3379,,0,2,1,
2026-09-13T08:19:06.185Z,131845250000000,50330815,478721,-487889,-487888,,499981976,499978597,499978597,499966206,49997,2,499978597,499978597,0,1,0,0,,0,3,3,0,3,4,0,0,3379,,0,2,1,
2026-09-13T08:19:06.289Z,131845359000000,50330917,478722,-487879,-487888,,499981976,499978597,499978597,499966206,49997,2,499978597,499978597,0,1,0,0,,0,3,3,0,3,4,0,0,3379,,0,2,1,
2026-09-13T08:19:06.396Z,131845468000000,50331024,478723,-487871,-487887,,499981976,499977470,499977470,499966206,49997,2,499977470,499977470,0,1,0,0,,0,3,3,0,3,4,0,0,4506,,0,2,1,
2026-09-13T08:19:06.592Z,131845671000000,50331130,478724,-487874,-487885,,499972965,499975217,499975217,499966206,49997,2,499975217,499975217,0,1,0,0,,0,3,3,0,3,4,0,0,5633,,0,2,1,
2026-09-13T08:19:06.699Z,131845765000000,50331332,478726,-487887,-487882,,499972965,499971838,499971838,499966206,49997,2,499971838,499971838,0,1,0,0,,0,3,3,0,3,4,0,0,6759,,0,2,1,
2026-09-13T08:19:06.806Z,131845875000000,50331432,478727,-487877,-487881,,499972965,499970712,499970712,499966206,49997,2,499970712,499970712,0,1,0,0,,0,3,3,0,3,4,0,0,7885,,0,2,1,
2026-09-13T08:19:06.912Z,131845984000000,50331539,478728,-487888,-487882,,499972965,499971838,499971838,499966206,49997,2,499971838,499971838,0,1,0,0,,0,3,3,0,3,4,0,0,7885,,0,2,1,
2026-09-13T08:19:07.018Z,131846093000000,50331645,478729,-487884,-487882,,499972965,499971838,499971838,499966206,49997,2,499971838,499971838,0,1,0,0,,0,3,3,0,3,4,0,0,7885,,0,2,1,
2026-09-13T08:19:07.125Z,131846203000000,50331751,478730,-487876,-487882,,499972965,499971838,499971838,499966206,49997,2,499971838,499971838,0,1,0,0,,0,3,3,0,3,4,0,0,6758,,0,2,1,
2026-09-13T08:19:07.229Z,131846296000000,50331858,478731,-487887,-487882,,499972965,499971838,499971838,499966206,49997,2,499971838,499971838,0,1,0,0,,0,3,3,0,3,4,0,0,4505,,0,2,1,
2026-09-13T08:19:07.336Z,131846406000000,50331963,478732,-487880,-487882,,499972965,499971838,499971838,499966206,49997,2,499971838,499971838,0,1,0,0,,0,3,3,0,3,4,0,0,2253,,0,2,1,
2026-09-13T08:19:07.442Z,131846515000000,50332069,478733,-487887,-487883,,499972965,499972965,499972965,499966206,49997,2,499972965,499972965,0,1,0,0,,0,3,3,0,3,4,0,0,2253,,0,2,1,
2026-09-13T08:19:07.639Z,131846718000000,50332176,478734,-487883,-487883,,499971838,499972965,499972965,499966206,49997,2,499972965,499972965,0,1,0,0,,0,3,3,0,3,4,0,0,2253,,0,2,1,
2026-09-13T08:19:07.745Z,131846812000000,50332326,478736,-487875,-487882,,499971838,499971838,499971838,499966206,49997,2,499971838,499971838,0,1,0,0,,0,3,3,0,3,4,0,0,1127,,0,2,1,
2026-09-13T08:19:07.852Z,131846921000000,50332478,478737,-487881,-487881,,499971838,499970712,499970712,499966206,49997,2,499970712,499970712,0,1,0,0,,0,3,3,0,3,4,0,0,2253,,0,2,1,
2026-09-13T08:19:07.959Z,131847031000000,50332585,478738,-487888,-487881,,499971838,499970712,499970712,499966206,49997,2,499970712,499970712,0,1,0,0,,0,3,3,0,3,4,0,0,2253,,0,2,1,
2026-09-13T08:19:08.064Z,131847140000000,50332692,478739,-487887,-487882,,499971838,499971838,499971838,499966206,49997,2,499971838,499971838,0,1,0,0,,0,3,3,0,3,4,0,0,2253,,0,2,1,
2026-09-13T08:19:08.171Z,131847250000000,50332798,478740,-487883,-487883,,499971838,499972965,499972965,499966206,49997,2,499972965,499972965,0,1,0,0,,0,3,3,0,3,4,0,0,2253,,0,2,1,
2026-09-13T08:19:08.276Z,131847343000000,50332919,478742,-487889,-487883,,499971838,499972965,499972965,499966206,49997,2,499972965,499972965,0,1,0,0,,0,3,3,0,3,4,0,0,2253,,0,2,1,
2026-09-13T08:19:08.380Z,131847453000000,50333019,478743,-487896,-487884,,499971838,499974091,499974091,499966206,49997,2,499974091,499974091,0,1,0,0,,0,3,3,0,3,4,0,0,3379,,0,2,1,
2026-09-13T08:19:08.485Z,131847562000000,50333120,478744,-487892,-487885,,499971838,499975217,499975217,499966206,49997,2,499975217,499975217,0,1,0,0,,0,3,3,0,3,4,0,0,4505,,0,2,1,
2026-09-13T08:19:08.681Z,131847750000000,50333220,478745,-487887,-487886,,499976344,499976344,499976344,499966206,49997,2,499976344,499976344,0,1,0,0,,0,3,3,0,3,4,0,0,5632,,0,2,1,
2026-09-13T08:19:08.788Z,131847859000000,50333421,478747,-487880,-487885,,499976344,499975217,499975217,499966206,49997,2,499975217,499975217,0,1,0,0,,0,3,3,0,3,4,0,0,3379,,0,2,1,
2026-09-13T08:19:08.895Z,131847968000000,50333522,478748,-487889,-487885,,499976344,499975217,499975217,499966206,49997,2,499975217,499975217,0,1,0,0,,0,3,3,0,3,4,0,0,3379,,0,2,1,
2026-09-13T08:19:09.001Z,131848078000000,50333628,478749,-487899,-487886,,499976344,499976344,499976344,499966206,49997,2,499976344,499976344,0,1,0,0,,0,3,3,0,3,4,0,0,3379,,0,2,1,
2026-09-13T08:19:09.108Z,131848187000000,50333734,478750,-487895,-487887,,499976344,499977470,499977470,499966206,49997,2,499977470,499977470,0,1,0,0,,0,3,3,0,3,4,0,0,3379,,0,2,1,
2026-09-13T08:19:09.215Z,131848281000000,50333841,478751,-487893,-487888,,499976344,499978597,499978597,499966206,49997,2,499978597,499978597,0,1,0,0,,0,3,3,0,3,4,0,0,3380,,0,2,1,
2026-09-13T08:19:09.321Z,131848390000000,50333948,478752,-487883,-487889,,499976344,499979723,499979723,499966206,49997,2,499979723,499979723,0,1,0,0,,0,3,3,0,3,4,0,0,4506,,0,2,1,
2026-09-13T08:19:09.427Z,131848500000000,50334055,478753,-487872,-487888,,499976344,499978597,499978597,499966206,49997,2,499978597,499978597,0,1,0,0,,0,3,3,0,3,4,0,0,4506,,0,2,1,
2026-09-13T08:19:09.532Z,131848609000000,50334160,478754,-487878,-487887,,499976344,499977470,499977470,499966206,49997,2,499977470,499977470,0,1,0,0,,0,3,3,0,3,4,0,0,4506,,0,2,1,
2026-09-13T08:19:09.728Z,131848796000000,50334266,478755,-487880,-487886,,499972965,499976344,499976344,499966206,49997,2,499976344,499976344,0,1,0,0,,0,3,3,0,3,4,0,0,4506,,0,2,1,
2026-09-13T08:19:09.835Z,131848906000000,50334422,478757,-487868,-487883,,499972965,499972965,499972965,499966206,49997,2,499972965,499972965,0,1,0,0,,0,3,3,0,3,4,0,0,6758,,0,2,1,
2026-09-13T08:19:09.941Z,131849015000000,50334568,478758,-487872,-487881,,499972965,499970712,499970712,499966206,49997,2,499970712,499970712,0,1,0,0,,0,3,3,0,3,4,0,0,9011,,0,2,1,
2026-09-13T08:19:10.046Z,131849125000000,50334674,478759,-487886,-487880,,499972965,499969585,499969585,499966206,49997,2,499969585,499969585,0,1,0,0,,0,3,3,0,3,4,0,0,10138,,0,2,1,
2026-09-13T08:19:10.152Z,131849218000000,50334780,478760,-487901,-487881,,499972965,499970712,499970712,499966206,49997,2,499970712,499970712,0,1,0,0,,0,3,3,0,3,4,0,0,9012,,0,2,1,
2026-09-13T08:19:10.258Z,131849328000000,50334885,478761,-487900,-487883,,499972965,499972965,499972965,499966206,49997,2,499972965,499972965,0,1,0,0,,0,3,3,0,3,4,0,0,7885,,0,2,1,
2026-09-13T08:19:10.364Z,131849437000000,50334991,478762,-487890,-487885,,499972965,499975217,499975217,499966206,49997,2,499975217,499975217,0,1,0,0,,0,3,3,0,3,4,0,0,6759,,0,2,1,
2026-09-13T08:19:10.470Z,131849546000000,50335098,478763,-487898,-487887,,499972965,499977470,499977470,499966206,49997,2,499977470,499977470,0,1,0,0,,0,3,3,0,3,4,0,0,7885,,0,2,1,
2026-09-13T08:19:10.576Z,131849656000000,50335224,478765,-487891,-487889,,499972965,499979723,499979723,499966206,49997,2,499979723,499979723,0,1,0,0,,0,3,3,0,3,4,0,0,10138,,0,2,1,
2026-09-13T08:19:10.767Z,131849843000000,50335324,478766,-487876,-487889,,499978597,499979723,499979723,499966206,49997,2,499979723,499979723,0,1,0,0,,0,3,3,0,3,4,0,0,10138,,0,2,1,
2026-09-13T08:19:10.872Z,131849937000000,50335424,478767,-487881,-487888,,499978597,499978597,499978597,499966206,49997,2,499978597,499978597,0,1,0,0,,0,3,3,0,3,4,0,0,9011,,0,2,1,
2026-09-13T08:19:10.978Z,131850046000000,50335624,478769,-487876,-487886,,499978597,499976344,499976344,499966206,49997,2,499976344,499976344,0,1,0,0,,0,3,3,0,3,4,0,0,4506,,0,2,1,
2026-09-13T08:19:11.082Z,131850156000000,50335724,478770,-487896,-487885,,499978597,499975217,499975217,499966206,49997,2,499975217,499975217,0,1,0,0,,0,3,3,0,3,4,0,0,4506,,0,2,1,
2026-09-13T08:19:11.187Z,131850265000000,50335825,478771,-487898,-487886,,499978597,499976344,499976344,499966206,49997,2,499976344,499976344,0,1,0,0,,0,3,3,0,3,4,0,0,4506,,0,2,1,
2026-09-13T08:19:11.295Z,131850375000000,50335925,478772,-487882,-487887,,499978597,499977470,499977470,499966206,49997,2,499977470,499977470,0,1,0,0,,0,3,3,0,3,4,0,0,4506,,0,2,1,
2026-09-13T08:19:11.402Z,131850468000000,50336027,478773,-487874,-487886,,499978597,499976344,499976344,499966206,49997,2,499976344,499976344,0,1,0,0,,0,3,3,0,3,4,0,0,4506,,0,2,1,
2026-09-13T08:19:11.509Z,131850578000000,50336135,478774,-487891,-487885,,499978597,499975217,499975217,499966206,49997,2,499975217,499975217,0,1,0,0,,0,3,3,0,3,4,0,0,3380,,0,2,1,
2026-09-13T08:19:11.615Z,131850687000000,50336242,478775,-487900,-487886,,499978597,499976344,499976344,499966206,49997,2,499976344,499976344,0,1,0,0,,0,3,3,0,3,4,0,0,2253,,0,2,1,
2026-09-13T08:19:11.809Z,131850875000000,50336348,478776,-487897,-487887,,499978597,499977470,499977470,499966206,49997,2,499977470,499977470,0,1,0,0,,0,3,3,0,3,4,0,0,2253,,0,2,1,
2026-09-13T08:19:11.916Z,131850984000000,50336549,478778,-487891,-487888,,499978597,499978597,499978597,499966206,49997,2,499978597,499978597,0,1,0,0,,0,3,3,0,3,4,0,0,3380,,0,2,1,
2026-09-13T08:19:12.021Z,131851093000000,50336649,478779,-487900,-487888,,499978597,499978597,499978597,499966206,49997,2,499978597,499978597,0,1,0,0,,0,3,3,0,3,4,0,0,3380,,0,2,1,
2026-09-13T08:19:12.127Z,131851203000000,50336755,478780,-487888,-487888,,499978597,499978597,499978597,499966206,49997,2,499978597,499978597,0,1,0,0,,0,3,3,0,3,4,0,0,3380,,0,2,1,
2026-09-13T08:19:12.232Z,131851312000000,50336861,478781,-487908,-487890,,499978597,499980850,499980850,499966206,49997,2,499980850,499980850,0,1,0,0,,0,3,3,0,3,4,0,0,5633,,0,2,1,
2026-09-13T08:19:12.339Z,131851406000000,50336966,478782,-487902,-487892,,499978597,499983103,499983103,499966206,49997,2,499983103,499983103,0,1,0,0,,0,3,3,0,3,4,0,0,6759,,0,2,1,
2026-09-13T08:19:12.445Z,131851515000000,50337073,478783,-487898,-487893,,499978597,499984229,499984229,499966206,49997,2,499984229,499984229,0,1,0,0,,0,3,3,0,3,4,0,0,6759,,0,2,1,
2026-09-13T08:19:12.551Z,131851625000000,50337179,478784,-487910,-487894,,499978597,499985356,499985356,499966206,49997,2,499985356,499985356,0,1,0,0,,0,3,3,0,3,4,0,0,6759,,0,2,1,
2026-09-13T08:19:12.658Z,131851734000000,50337285,478785,-487883,-487895,,499978597,499986482,499986482,499966206,49997,2,499986482,499986482,0,1,0,0,,0,3,3,0,3,4,0,0,7885,,0,2,1,
2026-09-13T08:19:12.853Z,131851921000000,50337392,478786,-487880,-487893,,499980850,499984229,499984229,499966206,49997,2,499984229,499984229,0,1,0,0,,0,3,3,0,3,4,0,0,7885,,0,2,1,
2026-09-13T08:19:12.959Z,131852031000000,50337541,478788,-487883,-487890,,499980850,499980850,499980850,499966206,49997,2,499980850,499980850,0,1,0,0,,0,3,3,0,3,4,0,0,5632,,0,2,1,
2026-09-13T08:19:13.065Z,131852140000000,50337693,478789,-487891,-487889,,499980850,499979723,499979723,499966206,49997,2,499979723,499979723,0,1,0,0,,0,3,3,0,3,4,0,0,6759,,0,2,1,
2026-09-13T08:19:13.171Z,131852250000000,50337799,478790,-487887,-487889,,499980850,499979723,499979723,499966206,49997,2,499979723,499979723,0,1,0,0,,0,3,3,0,3,4,0,0,6759,,0,2,1,
2026-09-13T08:19:13.278Z,131852343000000,50337905,478791,-487894,-487889,,499980850,499979723,499979723,499966206,49997,2,499979723,499979723,0,1,0,0,,0,3,3,0,3,4,0,0,6759,,0,2,1,
2026-09-13T08:19:13.384Z,131852453000000,50338029,478793,-487899,-487891,,499980850,499981976,499981976,499966206,49997,2,499981976,499981976,0,1,0,0,,0,3,3,0,3,4,0,0,4506,,0,2,1,
2026-09-13T08:19:13.489Z,131852562000000,50338129,478794,-487879,-487892,,499980850,499983103,499983103,499966206,49997,2,499983103,499983103,0,1,0,0,,0,3,3,0,3,4,0,0,3380,,0,2,1,
2026-09-13T08:19:13.595Z,131852671000000,50338229,478795,-487886,-487891,,499980850,499981976,499981976,499966206,49997,2,499981976,499981976,0,1,0,0,,0,3,3,0,3,4,0,0,3380,,0,2,1,
2026-09-13T08:19:13.701Z,131852781000000,50338330,478796,-487887,-487890,,499980850,499980850,499980850,499966206,49997,2,499980850,499980850,0,1,0,0,,0,3,3,0,3,4,0,0,3380,,0,2,1,
2026-09-13T08:19:13.896Z,131852968000000,50338436,478797,-487891,-487890,,499980850,499980850,499980850,499966206,49997,2,499980850,499980850,0,1,0,0,,0,3,3,0,3,4,0,0,3380,,0,2,1,
2026-09-13T08:19:14.002Z,131853078000000,50338636,478799,-487893,-487890,,499980850,499980850,499980850,499966206,49997,2,499980850,499980850,0,1,0,0,,0,3,3,0,3,4,0,0,2253,,0,2,1,
2026-09-13T08:19:14.109Z,131853187000000,50338737,478800,-487876,-487890,,499980850,499980850,499980850,499966206,49997,2,499980850,499980850,0,1,0,0,,0,3,3,0,3,4,0,0,2253,,0,2,1,
2026-09-13T08:19:14.215Z,131853281000000,50338842,478801,-487896,-487890,,499980850,499980850,499980850,499966206,49997,2,499980850,499980850,0,1,0,0,,0,3,3,0,3,4,0,0,2253,,0,2,1,
2026-09-13T08:19:14.322Z,131853390000000,50338949,478802,-487896,-487891,,499980850,499981976,499981976,499966206,49997,2,499981976,499981976,0,1,0,0,,0,3,3,0,3,4,0,0,1126,,0,2,1,
2026-09-13T08:19:14.428Z,131853500000000,50339056,478803,-487911,-487892,,499980850,499983103,499983103,499966206,49997,2,499983103,499983103,0,1,0,0,,0,3,3,0,3,4,0,0,2253,,0,2,1,
2026-09-13T08:19:14.535Z,131853609000000,50339162,478804,-487893,-487893,,499980850,499984229,499984229,499966206,49997,2,499984229,499984229,0,1,0,0,,0,3,3,0,3,4,0,0,3379,,0,2,1,
2026-09-13T08:19:14.641Z,131853718000000,50339268,478805,-487889,-487893,,499980850,499984229,499984229,499966206,49997,2,499984229,499984229,0,1,0,0,,0,3,3,0,3,4,0,0,3379,,0,2,1,
2026-09-13T08:19:14.748Z,131853828000000,50339376,478806,-487887,-487892,,499980850,499983103,499983103,499966206,49997,2,499983103,499983103,0,1,0,0,,0,3,3,0,3,4,0,0,3379,,0,2,1,
2026-09-13T08:19:14.945Z,131854015000000,50339482,478807,-487883,-487891,,499979723,499981976,499981976,499966206,49997,2,499981976,499981976,0,1,0,0,,0,3,3,0,3,4,0,0,3379,,0,2,1,
2026-09-13T08:19:15.051Z,131854125000000,50339633,478809,-487901,-487889,,499979723,499979723,499979723,499966206,49997,2,499979723,499979723,0,1,0,0,,0,3,3,0,3,4,0,0,4506,,0,2,1,
2026-09-13T08:19:15.158Z,131854234000000,50339785,478810,-487907,-487891,,499979723,499981976,499981976,499966206,49997,2,499981976,499981976,0,1,0,0,,0,3,3,0,3,4,0,0,4506,,0,2,1,
2026-09-13T08:19:15.264Z,131854343000000,50339892,478811,-487882,-487892,,499979723,499983103,499983103,499966206,49997,2,499983103,499983103,0,1,0,0,,0,3,3,0,3,4,0,0,4506,,0,2,1,
2026-09-13T08:19:15.370Z,131854437000000,50339998,478812,-487889,-487892,,499979723,499983103,499983103,499966206,49997,2,499983103,499983103,0,1,0,0,,0,3,3,0,3,4,0,0,4506,,0,2,1,
2026-09-13T08:19:15.476Z,131854546000000,50340104,478813,-487883,-487891,,499979723,499981976,499981976,499966206,49997,2,499981976,499981976,0,1,0,0,,0,3,3,0,3,4,0,0,3380,,0,2,1,
2026-09-13T08:19:15.581Z,131854656000000,50340210,478814,-487894,-487891,,499979723,499981976,499981976,499966206,49997,2,499981976,499981976,0,1,0,0,,0,3,3,0,3,4,0,0,3380,,0,2,1,
2026-09-13T08:19:15.687Z,131854765000000,50340333,478816,-487886,-487891,,499979723,499981976,499981976,499966206,49997,2,499981976,499981976,0,1,0,0,,0,3,3,0,3,4,0,0,3380,,0,2,1,
2026-09-13T08:19:15.791Z,131854859000000,50340433,478817,-487886,-487890,,499979723,499980850,499980850,499966206,49997,2,499980850,499980850,0,1,0,0,,0,3,3,0,3,4,0,0,2253,,0,2,1,
2026-09-13T08:19:15.982Z,131855062000000,50340533,478818,-487875,-487889,,499978597,499979723,499979723,499966206,49997,2,499979723,499979723,0,1,0,0,,0,3,3,0,3,4,0,0,3380,,0,2,1,
2026-09-13T08:19:16.088Z,131855156000000,50340734,478820,-487886,-487887,,499978597,499977470,499977470,499966206,49997,2,499977470,499977470,0,1,0,0,,0,3,3,0,3,4,0,0,4506,,0,2,1,
2026-09-13T08:19:16.191Z,131855265000000,50340834,478821,-487885,-487887,,499978597,499977470,499977470,499966206,49997,2,499977470,499977470,0,1,0,0,,0,3,3,0,3,4,0,0,4506,,0,2,1,
2026-09-13T08:19:16.298Z,131855375000000,50340934,478822,-487876,-487887,,499978597,499977470,499977470,499966206,49997,2,499977470,499977470,0,1,0,0,,0,3,3,0,3,4,0,0,4506,,0,2,1,
2026-09-13T08:19:16.404Z,131855484000000,50341034,478823,-487866,-487886,,499978597,499976344,499976344,499966206,49997,2,499976344,499976344,0,1,0,0,,0,3,3,0,3,4,0,0,5632,,0,2,1,
2026-09-13T08:19:16.509Z,131855578000000,50341138,478824,-487884,-487885,,499978597,499975217,499975217,499966206,49997,2,499975217,499975217,0,1,0,0,,0,3,3,0,3,4,0,0,5633,,0,2,1,
2026-09-13T08:19:16.615Z,131855687000000,50341244,478825,-487879,-487884,,499978597,499974091,499974091,499966206,49997,2,499974091,499974091,0,1,0,0,,0,3,3,0,3,4,0,0,5632,,0,2,1,
2026-09-13T08:19:16.721Z,131855796000000,50341349,478826,-487869,-487883,,499978597,499972965,499972965,499966206,49997,2,499972965,499972965,0,1,0,0,,0,3,3,0,3,4,0,0,5632,,0,2,1,
2026-09-13T08:19:16.828Z,131855906000000,50341456,478827,-487879,-487882,,499978597,499971838,499971838,499966206,49997,2,499971838,499971838,0,1,0,0,,0,3,3,0,3,4,0,0,5632,,0,2,1,
2026-09-13T08:19:17.024Z,131856093000000,50341562,478828,-487884,-487882,,499971838,499971838,499971838,499966206,49997,2,499971838,499971838,0,1,0,0,,0,3,3,0,3,4,0,0,5632,,0,2,1,
2026-09-13T08:19:17.129Z,131856203000000,50341764,478830,-487903,-487884,,499971838,499974091,499974091,499966206,49997,2,499974091,499974091,0,1,0,0,,0,3,3,0,3,4,0,0,4506,,0,2,1,
2026-09-13T08:19:17.236Z,131856312000000,50341863,478831,-487883,-487886,,499971838,499976344,499976344,499966206,49997,2,499976344,499976344,0,1,0,0,,0,3,3,0,3,4,0,0,4506,,0,2,1,
2026-09-13T08:19:17.343Z,131856421000000,50341970,478832,-487887,-487886,,499971838,499976344,499976344,499966206,49997,2,499976344,499976344,0,1,0,0,,0,3,3,0,3,4,0,0,4506,,0,2,1,
2026-09-13T08:19:17.449Z,131856515000000,50342077,478833,-487895,-487886,,499971838,499976344,499976344,499966206,49997,2,499976344,499976344,0,1,0,0,,0,3,3,0,3,4,0,0,4506,,0,2,1,
2026-09-13T08:19:17.556Z,131856625000000,50342183,478834,-487885,-487886,,499971838,499976344,499976344,499966206,49997,2,499976344,499976344,0,1,0,0,,0,3,3,0,3,4,0,0,4506,,0,2,1,
2026-09-13T08:19:17.662Z,131856734000000,50342289,478835,-487890,-487887,,499971838,499977470,499977470,499966206,49997,2,499977470,499977470,0,1,0,0,,0,3,3,0,3,4,0,0,5632,,0,2,1,
2026-09-13T08:19:17.768Z,131856843000000,50342395,478836,-487875,-487887,,499971838,499977470,499977470,499966206,49997,2,499977470,499977470,0,1,0,0,,0,3,3,0,3,4,0,0,5632,,0,2,1,
2026-09-13T08:19:17.875Z,131856953000000,50342502,478837,-487885,-487887,,499971838,499977470,499977470,499966206,49997,2,499977470,499977470,0,1,0,0,,0,3,3,0,3,4,0,0,3379,,0,2,1,
2026-09-13T08:19:18.071Z,131857140000000,50342609,478838,-487886,-487887,,499977470,499977470,499977470,499966206,49997,2,499977470,499977470,0,1,0,0,,0,3,3,0,3,4,0,0,1126,,0,2,1,
2026-09-13T08:19:18.177Z,131857250000000,50342760,478840,-487885,-487887,,499977470,499977470,499977470,499966206,49997,2,499977470,499977470,0,1,0,0,,0,3,3,0,3,4,0,0,1126,,0,2,1,
2026-09-13T08:19:18.284Z,131857359000000,50342910,478841,-487893,-487888,,499977470,499978597,499978597,499966206,49997,2,499978597,499978597,0,1,0,0,,0,3,3,0,3,4,0,0,2253,,0,2,1,
2026-09-13T08:19:18.389Z,131857468000000,50343018,478842,-487883,-487888,,499977470,499978597,499978597,499966206,49997,2,499978597,499978597,0,1,0,0,,0,3,3,0,3,4,0,0,1127,,0,2,1,
2026-09-13T08:19:18.494Z,131857562000000,50343139,478844,-487896,-487886,,499977470,499976344,499976344,499966206,49997,2,499976344,499976344,0,1,0,0,,0,3,3,0,3,4,0,0,2253,,0,2,1,
2026-09-13T08:19:18.598Z,131857671000000,50343239,478845,-487864,-487885,,499977470,499975217,499975217,499966206,49997,2,499975217,499975217,0,1,0,0,,0,3,3,0,3,4,0,0,3380,,0,2,1,
2026-09-13T08:19:18.705Z,131857781000000,50343339,478846,-487880,-487884,,499977470,499974091,499974091,499966206,49997,2,499974091,499974091,0,1,0,0,,0,3,3,0,3,4,0,0,4506,,0,2,1,
2026-09-13T08:19:18.810Z,131857890000000,50343439,478847,-487893,-487883,,499977470,499972965,499972965,499966206,49997,2,499972965,499972965,0,1,0,0,,0,3,3,0,3,4,0,0,5632,,0,2,1,
2026-09-13T08:19:18.917Z,131857984000000,50343545,478848,-487909,-487884,,499977470,499974091,499974091,499966206,49997,2,499974091,499974091,0,1,0,0,,0,3,3,0,3,4,0,0,5632,,0,2,1,
2026-09-13T08:19:19.112Z,131858187000000,50343651,478849,-487886,-487885,,499975217,499975217,499975217,499966206,49997,2,499975217,499975217,0,1,0,0,,0,3,3,0,3,4,0,0,5632,,0,2,1,
2026-09-13T08:19:19.218Z,131858296000000,50343853,478851,-487875,-487884,,499975217,499974091,499974091,499966206,49997,2,499974091,499974091,0,1,0,0,,0,3,3,0,3,4,0,0,3379,,0,2,1,
2026-09-13T08:19:19.325Z,131858390000000,50343953,478852,-487873,-487883,,499975217,499972965,499972965,499966206,49997,2,499972965,499972965,0,1,0,0,,0,3,3,0,3,4,0,0,2252,,0,2,1,
2026-09-13T08:19:19.430Z,131858500000000,50344059,478853,-487886,-487882,,499975217,499971838,499971838,499966206,49997,2,499971838,499971838,0,1,0,0,,0,3,3,0,3,4,0,0,3379,,0,2,1,
2026-09-13T08:19:19.536Z,131858609000000,50344165,478854,-487896,-487883,,499975217,499972965,499972965,499966206,49997,2,499972965,499972965,0,1,0,0,,0,3,3,0,3,4,0,0,3379,,0,2,1,
2026-09-13T08:19:19.642Z,131858718000000,50344271,478855,-487901,-487885,,499975217,499975217,499975217,499966206,49997,2,499975217,499975217,0,1,0,0,,0,3,3,0,3,4,0,0,3379,,0,2,1,
2026-09-13T08:19:19.748Z,131858828000000,50344377,478856,-487903,-487887,,499975217,499977470,499977470,499966206,49997,2,499977470,499977470,0,1,0,0,,0,3,3,0,3,4,0,0,5632,,0,2,1,
2026-09-13T08:19:19.856Z,131858921000000,50344483,478857,-487889,-487889,,499975217,499979723,499979723,499966206,49997,2,499979723,499979723,0,1,0,0,,0,3,3,0,3,4,0,0,7885,,0,2,1,
2026-09-13T08:19:19.962Z,131859031000000,50344589,478858,-487893,-487890,,499975217,499980850,499980850,499966206,49997,2,499980850,499980850,0,1,0,0,,0,3,3,0,3,4,0,0,9012,,0,2,1,
2026-09-13T08:19:20.158Z,131859234000000,50344697,478859,-487880,-487890,,499978597,499980850,499980850,499966206,49997,2,499980850,499980850,0,1,0,0,,0,3,3,0,3,4,0,0,9012,,0,2,1,
2026-09-13T08:19:20.264Z,131859343000000,50344846,478861,-487896,-487888,,499978597,499978597,499978597,499966206,49997,2,499978597,499978597,0,1,0,0,,0,3,3,0,3,4,0,0,7885,,0,2,1,
2026-09-13T08:19:20.369Z,131859437000000,50344999,478862,-487894,-487889,,499978597,499979723,499979723,499966206,49997,2,499979723,499979723,0,1,0,0,,0,3,3,0,3,4,0,0,5633,,0,2,1,
2026-09-13T08:19:20.476Z,131859546000000,50345104,478863,-487893,-487890,,499978597,499980850,499980850,499966206,49997,2,499980850,499980850,0,1,0,0,,0,3,3,0,3,4,0,0,3380,,0,2,1,
2026-09-13T08:19:20.582Z,131859656000000,50345210,478864,-487899,-487891,,499978597,499981976,499981976,499966206,49997,2,499981976,499981976,0,1,0,0,,0,3,3,0,3,4,0,0,3379,,0,2,1,
2026-09-13T08:19:20.688Z,131859765000000,50345316,478865,-487899,-487892,,499978597,499983103,499983103,499966206,49997,2,499983103,499983103,0,1,0,0,,0,3,3,0,3,4,0,0,4506,,0,2,1,
2026-09-13T08:19:20.795Z,131859875000000,50345443,478867,-487889,-487892,,499978597,499983103,499983103,499966206,49997,2,499983103,499983103,0,1,0,0,,0,3,3,0,3,4,0,0,5632,,0,2,1,
2026-09-13T08:19:20.900Z,131859968000000,50345543,478868,-487894,-487892,,499978597,499983103,499983103,499966206,49997,2,499983103,499983103,0,1,0,0,,0,3,3,0,3,4,0,0,5632,,0,2,1,
2026-09-13T08:19:21.004Z,131860078000000,50345644,478869,-487892,-487892,,499978597,499983103,499983103,499966206,49997,2,499983103,499983103,0,1,0,0,,0,3,3,0,3,4,0,0,4506,,0,2,1,
2026-09-13T08:19:21.197Z,131860265000000,50345744,478870,-487902,-487892,,499983103,499983103,499983103,499966206,49997,2,499983103,499983103,0,1,0,0,,0,3,3,0,3,4,0,0,3379,,0,2,1,
2026-09-13T08:19:21.302Z,131860375000000,50345944,478872,-487890,-487892,,499983103,499983103,499983103,499966206,49997,2,499983103,499983103,0,1,0,0,,0,3,3,0,3,4,0,0,1126,,0,2,1,
2026-09-13T08:19:21.406Z,131860484000000,50346044,478873,-487872,-487892,,499983103,499983103,499983103,499966206,49997,2,499983103,499983103,0,1,0,0,,0,3,3,0,3,4,0,0,1126,,0,2,1,
2026-09-13T08:19:21.512Z,131860578000000,50346144,478874,-487875,-487890,,499983103,499980850,499980850,499966206,49997,2,499980850,499980850,0,1,0,0,,0,3,3,0,3,4,0,0,2253,,0,2,1,
2026-09-13T08:19:21.619Z,131860687000000,50346247,478875,-487876,-487888,,499983103,499978597,499978597,499966206,49997,2,499978597,499978597,0,1,0,0,,0,3,3,0,3,4,0,0,4506,,0,2,1,
2026-09-13T08:19:21.725Z,131860796000000,50346354,478876,-487884,-487886,,499983103,499976344,499976344,499966206,49997,2,499976344,499976344,0,1,0,0,,0,3,3,0,3,4,0,0,6759,,0,2,1,
2026-09-13T08:19:21.832Z,131860906000000,50346460,478877,-487881,-487885,,499983103,499975217,499975217,499966206,49997,2,499975217,499975217,0,1,0,0,,0,3,3,0,3,4,0,0,7886,,0,2,1,
2026-09-13T08:19:21.939Z,131861015000000,50346566,478878,-487900,-487885,,499983103,499975217,499975217,499966206,49997,2,499975217,499975217,0,1,0,0,,0,3,3,0,3,4,0,0,7886,,0,2,1,
2026-09-13T08:19:22.044Z,131861125000000,50346673,478879,-487891,-487886,,499983103,499976344,499976344,499966206,49997,2,499976344,499976344,0,1,0,0,,0,3,3,0,3,4,0,0,7886,,0,2,1,
2026-09-13T08:19:22.238Z,131861312000000,50346779,478880,-487884,-487887,,499977470,499977470,499977470,499966206,49997,2,499977470,499977470,0,1,0,0,,0,3,3,0,3,4,0,0,7886,,0,2,1,
2026-09-13T08:19:22.345Z,131861421000000,50346978,478882,-487890,-487887,,499977470,499977470,499977470,499966206,49997,2,499977470,499977470,0,1,0,0,,0,3,3,0,3,4,0,0,3380,,0,2,1,
2026-09-13T08:19:22.451Z,131861531000000,50347079,478883,-487885,-487887,,499977470,499977470,499977470,499966206,49997,2,499977470,499977470,0,1,0,0,,0,3,3,0,3,4,0,0,2253,,0,2,1,
2026-09-13T08:19:22.558Z,131861625000000,50347186,478884,-487892,-487887,,499977470,499977470,499977470,499966206,49997,2,499977470,499977470,0,1,0,0,,0,3,3,0,3,4,0,0,2253,,0,2,1,
2026-09-13T08:19:22.663Z,131861734000000,50347292,478885,-487878,-487887,,499977470,499977470,499977470,499966206,49997,2,499977470,499977470,0,1,0,0,,0,3,3,0,3,4,0,0,2253,,0,2,1,
2026-09-13T08:19:22.768Z,131861843000000,50347398,478886,-487885,-487887,,499977470,499977470,499977470,499966206,49997,2,499977470,499977470,0,1,0,0,,0,3,3,0,3,4,0,0,1126,,0,2,1,
2026-09-13T08:19:22.875Z,131861953000000,50347503,478887,-487880,-487886,,499977470,499976344,499976344,499966206,49997,2,499976344,499976344,0,1,0,0,,0,3,3,0,3,4,0,0,1126,,0,2,1,
2026-09-13T08:19:22.981Z,131862046000000,50347609,478888,-487873,-487885,,499977470,499975217,499975217,499966206,49997,2,499975217,499975217,0,1,0,0,,0,3,3,0,3,4,0,0,2253,,0,2,1,
2026-09-13T08:19:23.086Z,131862156000000,50347715,478889,-487878,-487884,,499977470,499974091,499974091,499966206,49997,2,499974091,499974091,0,1,0,0,,0,3,3,0,3,4,0,0,3379,,0,2,1,
2026-09-13T08:19:23.282Z,131862359000000,50347821,478890,-487886,-487883,,499971838,499972965,499972965,499966206,49997,2,499972965,499972965,0,1,0,0,,0,3,3,0,3,4,0,0,4505,,0,2,1,
2026-09-13T08:19:23.388Z,131862468000000,50347970,478892,-487877,-487882,,499971838,499971838,499971838,499966206,49997,2,499971838,499971838,0,1,0,0,,0,3,3,0,3,4,0,0,5632,,0,2,1,
2026-09-13T08:19:23.494Z,131862562000000,50348123,478893,-487866,-487881,,499971838,499970712,499970712,499966206,49997,2,499970712,499970712,0,1,0,0,,0,3,3,0,3,4,0,0,6758,,0,2,1,
2026-09-13T08:19:23.601Z,131862671000000,50348249,478895,-487891,-487880,,499971838,499969585,499969585,499966206,49997,2,499969585,499969585,0,1,0,0,,0,3,3,0,3,4,0,0,5632,,0,2,1,
2026-09-13T08:19:23.705Z,131862781000000,50348349,478896,-487885,-487881,,499971838,499970712,499970712,499966206,49997,2,499970712,499970712,0,1,0,0,,0,3,3,0,3,4,0,0,4506,,0,2,1,
2026-09-13T08:19:23.811Z,131862890000000,50348449,478897,-487881,-487882,,499971838,499971838,499971838,499966206,49997,2,499971838,499971838,0,1,0,0,,0,3,3,0,3,4,0,0,3380,,0,2,1,
2026-09-13T08:19:23.917Z,131862984000000,50348549,478898,-487881,-487882,,499971838,499971838,499971838,499966206,49997,2,499971838,499971838,0,1,0,0,,0,3,3,0,3,4,0,0,2253,,0,2,1,
2026-09-13T08:19:24.022Z,131863093000000,50348651,478899,-487879,-487882,,499971838,499971838,499971838,499966206,49997,2,499971838,499971838,0,1,0,0,,0,3,3,0,3,4,0,0,2253,,0,2,1,
2026-09-13T08:19:24.128Z,131863203000000,50348757,478900,-487885,-487882,,499971838,499971838,499971838,499966206,49997,2,499971838,499971838,0,1,0,0,,0,3,3,0,3,4,0,0,2253,,0,2,1,
2026-09-13T08:19:24.323Z,131863390000000,50348863,478901,-487881,-487882,,499971838,499971838,499971838,499966206,49997,2,499971838,499971838,0,1,0,0,,0,3,3,0,3,4,0,0,2253,,0,2,1,
2026-09-13T08:19:24.429Z,131863500000000,50349064,478903,-487864,-487882,,499971838,499971838,499971838,499966206,49997,2,499971838,499971838,0,1,0,0,,0,3,3,0,3,4,0,0,1126,,0,2,1,
2026-09-13T08:19:24.535Z,131863609000000,50349164,478904,-487888,-487882,,499971838,499971838,499971838,499966206,49997,2,499971838,499971838,0,1,0,0,,0,3,3,0,3,4,0,0,0,,0,2,1,
2026-09-13T08:19:24.641Z,131863718000000,50349270,478905,-487892,-487883,,499971838,499972965,499972965,499966206,49997,2,499972965,499972965,0,1,0,0,,0,3,3,0,3,4,0,0,1127,,0,2,1,
2026-09-13T08:19:24.747Z,131863812000000,50349375,478906,-487869,-487884,,499971838,499974091,499974091,499966206,49997,2,499974091,499974091,0,1,0,0,,0,3,3,0,3,4,0,0,2253,,0,2,1,
2026-09-13T08:19:24.854Z,131863921000000,50349481,478907,-487859,-487882,,499971838,499971838,499971838,499966206,49997,2,499971838,499971838,0,1,0,0,,0,3,3,0,3,4,0,0,2253,,0,2,1,
2026-09-13T08:19:24.959Z,131864031000000,50349589,478908,-487874,-487880,,499971838,499969585,499969585,499966206,49997,2,499969585,499969585,0,1,0,0,,0,3,3,0,3,4,0,0,4506,,0,2,1,
2026-09-13T08:19:25.065Z,131864140000000,50349694,478909,-487885,-487879,,499971838,499968459,499968459,499966206,49997,2,499968459,499968459,0,1,0,0,,0,3,3,0,3,4,0,0,5632,,0,2,1,
2026-09-13T08:19:25.171Z,131864250000000,50349800,478910,-487886,-487880,,499971838,499969585,499969585,499966206,49997,2,499969585,499969585,0,1,0,0,,0,3,3,0,3,4,0,0,5632,,0,2,1,
2026-09-13T08:19:25.365Z,131864437000000,50349905,478911,-487892,-487881,,499972965,499970712,499970712,499966206,49997,2,499970712,499970712,0,1,0,0,,0,3,3,0,3,4,0,0,5632,,0,2,1,
2026-09-13T08:19:25.471Z,131864546000000,50350054,478913,-487875,-487883,,499972965,499972965,499972965,499966206,49997,2,499972965,499972965,0,1,0,0,,0,3,3,0,3,4,0,0,5632,,0,2,1,
2026-09-13T08:19:25.578Z,131864656000000,50350206,478914,-487882,-487883,,499972965,499972965,499972965,499966206,49997,2,499972965,499972965,0,1,0,0,,0,3,3,0,3,4,0,0,4506,,0,2,1,
2026-09-13T08:19:25.685Z,131864750000000,50350313,478915,-487877,-487882,,499972965,499971838,499971838,499966206,49997,2,499971838,499971838,0,1,0,0,,0,3,3,0,3,4,0,0,4506,,0,2,1,
2026-09-13T08:19:25.791Z,131864859000000,50350419,478916,-487910,-487882,,499972965,499971838,499971838,499966206,49997,2,499971838,499971838,0,1,0,0,,0,3,3,0,3,4,0,0,4506,,0,2,1,
2026-09-13T08:19:25.897Z,131864968000000,50350525,478917,-487883,-487882,,499972965,499971838,499971838,499966206,49997,2,499971838,499971838,0,1,0,0,,0,3,3,0,3,4,0,0,3380,,0,2,1,
2026-09-13T08:19:26.002Z,131865078000000,50350631,478918,-487889,-487883,,499972965,499972965,499972965,499966206,49997,2,499972965,499972965,0,1,0,0,,0,3,3,0,3,4,0,0,2253,,0,2,1,
2026-09-13T08:19:26.107Z,131865187000000,50350754,478920,-487886,-487885,,499972965,499975217,499975217,499966206,49997,2,499975217,499975217,0,1,0,0,,0,3,3,0,3,4,0,0,3379,,0,2,1,
2026-09-13T08:19:26.211Z,131865281000000,50350854,478921,-487905,-487886,,499972965,499976344,499976344,499966206,49997,2,499976344,499976344,0,1,0,0,,0,3,3,0,3,4,0,0,4506,,0,2,1,
2026-09-13T08:19:26.403Z,131865468000000,50350954,478922,-487900,-487888,,499980850,499978597,499978597,499966206,49997,2,499978597,499978597,0,1,0,0,,0,3,3,0,3,4,0,0,6759,,0,2,1,
2026-09-13T08:19:26.508Z,131865578000000,50351154,478924,-487892,-487891,,499980850,499981976,499981976,499966206,49997,2,499981976,499981976,0,1,0,0,,0,3,3,0,3,4,0,0,10138,,0,2,1,
2026-09-13T08:19:26.613Z,131865687000000,50351254,478925,-487881,-487891,,499980850,499981976,499981976,499966206,49997,2,499981976,499981976,0,1,0,0,,0,3,3,0,3,4,0,0,9011,,0,2,1,
2026-09-13T08:19:26.717Z,131865796000000,50351355,478926,-487862,-487890,,499980850,499980850,499980850,499966206,49997,2,499980850,499980850,0,1,0,0,,0,3,3,0,3,4,0,0,7885,,0,2,1,
2026-09-13T08:19:26.823Z,131865890000000,50351455,478927,-487889,-487889,,499980850,499979723,499979723,499966206,49997,2,499979723,499979723,0,1,0,0,,0,3,3,0,3,4,0,0,6759,,0,2,1,
2026-09-13T08:19:26.929Z,131866000000000,50351558,478928,-487880,-487888,,499980850,499978597,499978597,499966206,49997,2,499978597,499978597,0,1,0,0,,0,3,3,0,3,4,0,0,5632,,0,2,1,
2026-09-13T08:19:27.034Z,131866109000000,50351664,478929,-487881,-487887,,499980850,499977470,499977470,499966206,49997,2,499977470,499977470,0,1,0,0,,0,3,3,0,3,4,0,0,4506,,0,2,1,
2026-09-13T08:19:27.142Z,131866218000000,50351769,478930,-487904,-487886,,499980850,499976344,499976344,499966206,49997,2,499976344,499976344,0,1,0,0,,0,3,3,0,3,4,0,0,5632,,0,2,1,
2026-09-13T08:19:27.248Z,131866328000000,50351877,478931,-487896,-487887,,499980850,499977470,499977470,499966206,49997,2,499977470,499977470,0,1,0,0,,0,3,3,0,3,4,0,0,5632,,0,2,1,
2026-09-13T08:19:27.444Z,131866515000000,50351982,478932,-487905,-487889,,499981976,499979723,499979723,499966206,49997,2,499979723,499979723,0,1,0,0,,0,3,3,0,3,4,0,0,5632,,0,2,1,
2026-09-13T08:19:27.549Z,131866625000000,50352185,478934,-487915,-487893,,499981976,499984229,499984229,499966206,49997,2,499984229,499984229,0,1,0,0,,0,3,3,0,3,4,0,0,7885,,0,2,1,
2026-09-13T08:19:27.655Z,131866734000000,50352285,478935,-487893,-487895,,499981976,499986482,499986482,499966206,49997,2,499986482,499986482,0,1,0,0,,0,3,3,0,3,4,0,0,10138,,0,2,1,
2026-09-13T08:19:27.761Z,131866828000000,50352390,478936,-487886,-487895,,499981976,499986482,499986482,499966206,49997,2,499986482,499986482,0,1,0,0,,0,3,3,0,3,4,0,0,10138,,0,2,1,
2026-09-13T08:19:27.867Z,131866937000000,50352497,478937,-487885,-487894,,499981976,499985356,499985356,499966206,49997,2,499985356,499985356,0,1,0,0,,0,3,3,0,3,4,0,0,10138,,0,2,1,
2026-09-13T08:19:27.973Z,131867046000000,50352603,478938,-487898,-487893,,499981976,499984229,499984229,499966206,49997,2,499984229,499984229,0,1,0,0,,0,3,3,0,3,4,0,0,9012,,0,2,1,
2026-09-13T08:19:28.079Z,131867156000000,50352708,478939,-487905,-487894,,499981976,499985356,499985356,499966206,49997,2,499985356,499985356,0,1,0,0,,0,3,3,0,3,4,0,0,6759,,0,2,1,
2026-09-13T08:19:28.185Z,131867265000000,50352814,478940,-487902,-487895,,499981976,499986482,499986482,499966206,49997,2,499986482,499986482,0,1,0,0,,0,3,3,0,3,4,0,0,4506,,0,2,1,
2026-09-13T08:19:28.291Z,131867359000000,50352920,478941,-487919,-487896,,499981976,499987609,499987609,499966206,49997,2,499987609,499987609,0,1,0,0,,0,3,3,0,3,4,0,0,3380,,0,2,1,
2026-09-13T08:19:28.485Z,131867562000000,50353026,478942,-487904,-487897,,499994368,499988735,499988735,499966206,49997,2,499988735,499988735,0,1,0,0,,0,3,3,0,3,4,0,0,4506,,0,2,1,
2026-09-13T08:19:28.591Z,131867656000000,50353174,478944,-487930,-487902,,499994368,499994368,499994368,499966206,49997,2,499994368,499994368,0,1,0,0,,0,3,3,0,3,4,0,0,10139,,0,2,1,
2026-09-13T08:19:28.696Z,131867765000000,50353326,478945,-487902,-487904,,499994368,499996621,499996621,499966206,49997,2,499996621,499996621,0,1,0,0,,0,3,3,0,3,4,0,0,12392,,0,2,1,
2026-09-13T08:19:28.802Z,131867875000000,50353431,478946,-487891,-487904,,499994368,499996621,499996621,499966206,49997,2,499996621,499996621,0,1,0,0,,0,3,3,0,3,4,0,0,11265,,0,2,1,
2026-09-13T08:19:28.908Z,131867984000000,50353537,478947,-487896,-487903,,499994368,499995494,499995494,499966206,49997,2,499995494,499995494,0,1,0,0,,0,3,3,0,3,4,0,0,10139,,0,2,1,
2026-09-13T08:19:29.013Z,131868093000000,50353659,478949,-487913,-487901,,499994368,499993241,499993241,499966206,49997,2,499993241,499993241,0,1,0,0,,0,3,3,0,3,4,0,0,7886,,0,2,1,
2026-09-13T08:19:29.117Z,131868187000000,50353760,478950,-487902,-487901,,499994368,499993241,499993241,499966206,49997,2,499993241,499993241,0,1,0,0,,0,3,3,0,3,4,0,0,4506,,0,2,1,
2026-09-13T08:19:29.221Z,131868296000000,50353860,478951,-487886,-487901,,499994368,499993241,499993241,499966206,49997,2,499993241,499993241,0,1,0,0,,0,3,3,0,3,4,0,0,3380,,0,2,1,
2026-09-13T08:19:29.328Z,131868406000000,50353960,478952,-487882,-487899,,499994368,499990988,499990988,499966206,49997,2,499990988,499990988,0,1,0,0,,0,3,3,0,3,4,0,0,5633,,0,2,1,
2026-09-13T08:19:29.523Z,131868593000000,50354063,478953,-487886,-487897,,499987609,499988735,499988735,499966206,49997,2,499988735,499988735,0,1,0,0,,0,3,3,0,3,4,0,0,7886,,0,2,1,
2026-09-13T08:19:29.628Z,131868703000000,50354264,478955,-487889,-487895,,499987609,499986482,499986482,499966206,49997,2,499986482,499986482,0,1,0,0,,0,3,3,0,3,4,0,0,7886,,0,2,1,
2026-09-13T08:19:29.735Z,131868812000000,50354364,478956,-487900,-487895,,499987609,499986482,499986482,499966206,49997,2,499986482,499986482,0,1,0,0,,0,3,3,0,3,4,0,0,6759,,0,2,1,
2026-09-13T08:19:29.842Z,131868921000000,50354470,478957,-487881,-487894,,499987609,499985356,499985356,499966206,49997,2,499985356,499985356,0,1,0,0,,0,3,3,0,3,4,0,0,7885,,0,2,1,
2026-09-13T08:19:29.948Z,131869015000000,50354577,478958,-487891,-487894,,499987609,499985356,499985356,499966206,49997,2,499985356,499985356,0,1,0,0,,0,3,3,0,3,4,0,0,7885,,0,2,1,
2026-09-13T08:19:30.054Z,131869125000000,50354684,478959,-487893,-487894,,499987609,499985356,499985356,499966206,49997,2,499985356,499985356,0,1,0,0,,0,3,3,0,3,4,0,0,5632,,0,2,1,
2026-09-13T08:19:30.160Z,131869234000000,50354789,478960,-487893,-487894,,499987609,499985356,499985356,499966206,49997,2,499985356,499985356,0,1,0,0,,0,3,3,0,3,4,0,0,3379,,0,2,1,
2026-09-13T08:19:30.267Z,131869343000000,50354896,478961,-487887,-487894,,499987609,499985356,499985356,499966206,49997,2,499985356,499985356,0,1,0,0,,0,3,3,0,3,4,0,0,2253,,0,2,1,
2026-09-13T08:19:30.373Z,131869453000000,50355003,478962,-487887,-487893,,499987609,499984229,499984229,499966206,49997,2,499984229,499984229,0,1,0,0,,0,3,3,0,3,4,0,0,2253,,0,2,1,
2026-09-13T08:19:30.567Z,131869640000000,50355108,478963,-487884,-487892,,499980850,499983103,499983103,499966206,49997,2,499983103,499983103,0,1,0,0,,0,3,3,0,3,4,0,0,3379,,0,2,1,
2026-09-13T08:19:30.673Z,131869750000000,50355262,478965,-487886,-487890,,499980850,499980850,499980850,499966206,49997,2,499980850,499980850,0,1,0,0,,0,3,3,0,3,4,0,0,4506,,0,2,1,
2026-09-13T08:19:30.779Z,131869859000000,50355408,478966,-487898,-487889,,499980850,499979723,499979723,499966206,49997,2,499979723,499979723,0,1,0,0,,0,3,3,0,3,4,0,0,5633,,0,2,1,
2026-09-13T08:19:30.885Z,131869953000000,50355514,478967,-487901,-487890,,499980850,499980850,499980850,499966206,49997,2,499980850,499980850,0,1,0,0,,0,3,3,0,3,4,0,0,5633,,0,2,1,
2026-09-13T08:19:30.993Z,131870062000000,50355621,478968,-487887,-487891,,499980850,499981976,499981976,499966206,49997,2,499981976,499981976,0,1,0,0,,0,3,3,0,3,4,0,0,5633,,0,2,1,
2026-09-13T08:19:31.099Z,131870171000000,50355728,478969,-487881,-487890,,499980850,499980850,499980850,499966206,49997,2,499980850,499980850,0,1,0,0,,0,3,3,0,3,4,0,0,4506,,0,2,1,
2026-09-13T08:19:31.205Z,131870281000000,50355834,478970,-487900,-487890,,499980850,499980850,499980850,499966206,49997,2,499980850,499980850,0,1,0,0,,0,3,3,0,3,4,0,0,3380,,0,2,1,
2026-09-13T08:19:31.311Z,131870390000000,50355940,478971,-487905,-487891,,499980850,499981976,499981976,499966206,49997,2,499981976,499981976,0,1,0,0,,0,3,3,0,3,4,0,0,2253,,0,2,1,
2026-09-13T08:19:31.417Z,131870484000000,50356064,478973,-487893,-487894,,499980850,499985356,499985356,499966206,49997,2,499985356,499985356,0,1,0,0,,0,3,3,0,3,4,0,0,5633,,0,2,1,
2026-09-13T08:19:31.609Z,131870687000000,50356164,478974,-487886,-487894,,499985356,499985356,499985356,499966206,49997,2,499985356,499985356,0,1,0,0,,0,3,3,0,3,4,0,0,4506,,0,2,1,
2026-09-13T08:19:31.715Z,131870781000000,50356264,478975,-487895,-487894,,499985356,499985356,499985356,499966206,49997,2,499985356,499985356,0,1,0,0,,0,3,3,0,3,4,0,0,4506,,0,2,1,
2026-09-13T08:19:31.819Z,131870890000000,50356465,478977,-487882,-487894,,499985356,499985356,499985356,499966206,49997,2,499985356,499985356,0,1,0,0,,0,3,3,0,3,4,0,0,4506,,0,2,1,
2026-09-13T08:19:31.924Z,131871000000000,50356565,478978,-487893,-487894,,499985356,499985356,499985356,499966206,49997,2,499985356,499985356,0,1,0,0,,0,3,3,0,3,4,0,0,3380,,0,2,1,
2026-09-13T08:19:32.030Z,131871109000000,50356665,478979,-487874,-487892,,499985356,499983103,499983103,499966206,49997,2,499983103,499983103,0,1,0,0,,0,3,3,0,3,4,0,0,2253,,0,2,1,
2026-09-13T08:19:32.136Z,131871203000000,50356765,478980,-487884,-487891,,499985356,499981976,499981976,499966206,49997,2,499981976,499981976,0,1,0,0,,0,3,3,0,3,4,0,0,3380,,0,2,1,
2026-09-13T08:19:32.241Z,131871312000000,50356872,478981,-487898,-487890,,499985356,499980850,499980850,499966206,49997,2,499980850,499980850,0,1,0,0,,0,3,3,0,3,4,0,0,4506,,0,2,1,
2026-09-13T08:19:32.348Z,131871421000000,50356977,478982,-487898,-487891,,499985356,499981976,499981976,499966206,49997,2,499981976,499981976,0,1,0,0,,0,3,3,0,3,4,0,0,4506,,0,2,1,
2026-09-13T08:19:32.455Z,131871531000000,50357084,478983,-487890,-487892,,499985356,499983103,499983103,499966206,49997,2,499983103,499983103,0,1,0,0,,0,3,3,0,3,4,0,0,4506,,0,2,1,
2026-09-13T08:19:32.649Z,131871718000000,50357190,478984,-487896,-487893,,499984229,499984229,499984229,499966206,49997,2,499984229,499984229,0,1,0,0,,0,3,3,0,3,4,0,0,4506,,0,2,1,
2026-09-13T08:19:32.755Z,131871828000000,50357391,478986,-487895,-487893,,499984229,499984229,499984229,499966206,49997,2,499984229,499984229,0,1,0,0,,0,3,3,0,3,4,0,0,3379,,0,2,1,
2026-09-13T08:19:32.862Z,131871937000000,50357490,478987,-487883,-487893,,499984229,499984229,499984229,499966206,49997,2,499984229,499984229,0,1,0,0,,0,3,3,0,3,4,0,0,3379,,0,2,1,
2026-09-13T08:19:32.969Z,131872046000000,50357597,478988,-487881,-487892,,499984229,499983103,499983103,499966206,49997,2,499983103,499983103,0,1,0,0,,0,3,3,0,3,4,0,0,3379,,0,2,1,
2026-09-13T08:19:33.075Z,131872140000000,50357704,478989,-487879,-487891,,499984229,499981976,499981976,499966206,49997,2,499981976,499981976,0,1,0,0,,0,3,3,0,3,4,0,0,2253,,0,2,1,
2026-09-13T08:19:33.181Z,131872250000000,50357810,478990,-487878,-487889,,499984229,499979723,499979723,499966206,49997,2,499979723,499979723,0,1,0,0,,0,3,3,0,3,4,0,0,4506,,0,2,1,
2026-09-13T08:19:33.288Z,131872359000000,50357917,478991,-487882,-487888,,499984229,499978597,499978597,499966206,49997,2,499978597,499978597,0,1,0,0,,0,3,3,0,3,4,0,0,5632,,0,2,1,
2026-09-13T08:19:33.394Z,131872468000000,50358023,478992,-487887,-487887,,499984229,499977470,499977470,499966206,49997,2,499977470,499977470,0,1,0,0,,0,3,3,0,3,4,0,0,6759,,0,2,1,
2026-09-13T08:19:33.500Z,131872578000000,50358129,478993,-487898,-487887,,499984229,499977470,499977470,499966206,49997,2,499977470,499977470,0,1,0,0,,0,3,3,0,3,4,0,0,6759,,0,2,1,
2026-09-13T08:19:33.695Z,131872765000000,50358236,478994,-487892,-487888,,499979723,499978597,499978597,499966206,49997,2,499978597,499978597,0,1,0,0,,0,3,3,0,3,4,0,0,6759,,0,2,1,
2026-09-13T08:19:33.801Z,131872875000000,50358385,478996,-487892,-487889,,499979723,499979723,499979723,499966206,49997,2,499979723,499979723,0,1,0,0,,0,3,3,0,3,4,0,0,4506,,0,2,1,
2026-09-13T08:19:33.908Z,131872984000000,50358537,478997,-487901,-487889,,499979723,499979723,499979723,499966206,49997,2,499979723,499979723,0,1,0,0,,0,3,3,0,3,4,0,0,2253,,0,2,1,
2026-09-13T08:19:34.013Z,131873093000000,50358643,478998,-487909,-487891,,499979723,499981976,499981976,499966206,49997,2,499981976,499981976,0,1,0,0,,0,3,3,0,3,4,0,0,4506,,0,2,1,
2026-09-13T08:19:34.119Z,131873187000000,50358749,478999,-487912,-487893,,499979723,499984229,499984229,499966206,49997,2,499984229,499984229,0,1,0,0,,0,3,3,0,3,4,0,0,6759,,0,2,1,
2026-09-13T08:19:34.223Z,131873296000000,50358870,479001,-487902,-487896,,499979723,499987609,499987609,499966206,49997,2,499987609,499987609,0,1,0,0,,0,3,3,0,3,4,0,0,9012,,0,2,1,
2026-09-13T08:19:34.328Z,131873406000000,50358970,479002,-487888,-487897,,499979723,499988735,499988735,499966206,49997,2,499988735,499988735,0,1,0,0,,0,3,3,0,3,4,0,0,9012,,0,2,1,
2026-09-13T08:19:34.436Z,131873515000000,50359070,479003,-487876,-487896,,499979723,499987609,499987609,499966206,49997,2,499987609,499987609,0,1,0,0,,0,3,3,0,3,4,0,0,9012,,0,2,1,
2026-09-13T08:19:34.542Z,131873609000000,50359171,479004,-487898,-487895,,499979723,499986482,499986482,499966206,49997,2,499986482,499986482,0,1,0,0,,0,3,3,0,3,4,0,0,9012,,0,2,1,
2026-09-13T08:19:34.738Z,131873812000000,50359278,479005,-487906,-487895,,499987609,499986482,499986482,499966206,49997,2,499986482,499986482,0,1,0,0,,0,3,3,0,3,4,0,0,6759,,0,2,1,
2026-09-13T08:19:34.844Z,131873921000000,50359479,479007,-487887,-487897,,499987609,499988735,499988735,499966206,49997,2,499988735,499988735,0,1,0,0,,0,3,3,0,3,4,0,0,2253,,0,2,1,
2026-09-13T08:19:34.951Z,131874031000000,50359579,479008,-487897,-487897,,499987609,499988735,499988735,499966206,49997,2,499988735,499988735,0,1,0,0,,0,3,3,0,3,4,0,0,2253,,0,2,1,
2026-09-13T08:19:35.058Z,131874125000000,50359686,479009,-487904,-487897,,499987609,499988735,499988735,499966206,49997,2,499988735,499988735,0,1,0,0,,0,3,3,0,3,4,0,0,2253,,0,2,1,
2026-09-13T08:19:35.163Z,131874234000000,50359793,479010,-487908,-487898,,499987609,499989862,499989862,499966206,49997,2,499989862,499989862,0,1,0,0,,0,3,3,0,3,4,0,0,3380,,0,2,1,
2026-09-13T08:19:35.270Z,131874343000000,50359899,479011,-487898,-487899,,499987609,499990988,499990988,499966206,49997,2,499990988,499990988,0,1,0,0,,0,3,3,0,3,4,0,0,4506,,0,2,1,
2026-09-13T08:19:35.376Z,131874453000000,50360005,479012,-487895,-487899,,499987609,499990988,499990988,499966206,49997,2,499990988,499990988,0,1,0,0,,0,3,3,0,3,4,0,0,4506,,0,2,1,
2026-09-13T08:19:35.482Z,131874562000000,50360112,479013,-487885,-487898,,499987609,499989862,499989862,499966206,49997,2,499989862,499989862,0,1,0,0,,0,3,3,0,3,4,0,0,3379,,0,2,1,
2026-09-13T08:19:35.589Z,131874656000000,50360218,479014,-487889,-487897,,499987609,499988735,499988735,499966206,49997,2,499988735,499988735,0,1,0,0,,0,3,3,0,3,4,0,0,2253,,0,2,1,
2026-09-13T08:19:35.784Z,131874859000000,50360324,479015,-487906,-487896,,499987609,499987609,499987609,499966206,49997,2,499987609,499987609,0,1,0,0,,0,3,3,0,3,4,0,0,3379,,0,2,1,
2026-09-13T08:19:35.890Z,131874968000000,50360474,479017,-487885,-487896,,499987609,499987609,499987609,499966206,49997,2,499987609,499987609,0,1,0,0,,0,3,3,0,3,4,0,0,3379,,0,2,1,
2026-09-13T08:19:35.995Z,131875062000000,50360625,479018,-487887,-487895,,499987609,499986482,499986482,499966206,49997,2,499986482,499986482,0,1,0,0,,0,3,3,0,3,4,0,0,4506,,0,2,1,
2026-09-13T08:19:36.101Z,131875171000000,50360731,479019,-487871,-487894,,499987609,499985356,499985356,499966206,49997,2,499985356,499985356,0,1,0,0,,0,3,3,0,3,4,0,0,5632,,0,2,1,
2026-09-13T08:19:36.208Z,131875281000000,50360837,479020,-487895,-487893,,499987609,499984229,499984229,499966206,49997,2,499984229,499984229,0,1,0,0,,0,3,3,0,3,4,0,0,5633,,0,2,1,
2026-09-13T08:19:36.314Z,131875390000000,50360943,479021,-487902,-487893,,499987609,499984229,499984229,499966206,49997,2,499984229,499984229,0,1,0,0,,0,3,3,0,3,4,0,0,4506,,0,2,1,
2026-09-13T08:19:36.421Z,131875500000000,50361050,479022,-487908,-487894,,499987609,499985356,499985356,499966206,49997,2,499985356,499985356,0,1,0,0,,0,3,3,0,3,4,0,0,3380,,0,2,1,
2026-09-13T08:19:36.527Z,131875593000000,50361174,479024,-487904,-487896,,499987609,499987609,499987609,499966206,49997,2,499987609,499987609,0,1,0,0,,0,3,3,0,3,4,0,0,3380,,0,2,1,
2026-09-13T08:19:36.632Z,131875703000000,50361274,479025,-487895,-487896,,499987609,499987609,499987609,499966206,49997,2,499987609,499987609,0,1,0,0,,0,3,3,0,3,4,0,0,3380,,0,2,1,
2026-09-13T08:19:36.826Z,131875906000000,50361374,479026,-487902,-487897,,499988735,499988735,499988735,499966206,49997,2,499988735,499988735,0,1,0,0,,0,3,3,0,3,4,0,0,4506,,0,2,1,
2026-09-13T08:19:36.929Z,131876000000000,50361575,479028,-487893,-487896,,499988735,499987609,499987609,499966206,49997,2,499987609,499987609,0,1,0,0,,0,3,3,0,3,4,0,0,4506,,0,2,1,
2026-09-13T08:19:37.035Z,131876109000000,50361675,479029,-487892,-487896,,499988735,499987609,499987609,499966206,49997,2,499987609,499987609,0,1,0,0,,0,3,3,0,3,4,0,0,3379,,0,2,1,
2026-09-13T08:19:37.140Z,131876218000000,50361775,479030,-487876,-487895,,499988735,499986482,499986482,499966206,49997,2,499986482,499986482,0,1,0,0,,0,3,3,0,3,4,0,0,2253,,0,2,1,
2026-09-13T08:19:37.246Z,131876312000000,50361877,479031,-487893,-487895,,499988735,499986482,499986482,499966206,49997,2,499986482,499986482,0,1,0,0,,0,3,3,0,3,4,0,0,2253,,0,2,1,
2026-09-13T08:19:37.353Z,131876421000000,50361982,479032,-487895,-487895,,499988735,499986482,499986482,499966206,49997,2,499986482,499986482,0,1,0,0,,0,3,3,0,3,4,0,0,2253,,0,2,1,
2026-09-13T08:19:37.458Z,131876531000000,50362088,479033,-487879,-487895,,499988735,499986482,499986482,499966206,49997,2,499986482,499986482,0,1,0,0,,0,3,3,0,3,4,0,0,2253,,0,2,1,
2026-09-13T08:19:37.564Z,131876640000000,50362194,479034,-487872,-487893,,499988735,499984229,499984229,499966206,49997,2,499984229,499984229,0,1,0,0,,0,3,3,0,3,4,0,0,4506,,0,2,1,
2026-09-13T08:19:37.669Z,131876734000000,50362300,479035,-487891,-487891,,499988735,499981976,499981976,499966206,49997,2,499981976,499981976,0,1,0,0,,0,3,3,0,3,4,0,0,5633,,0,2,1,
2026-09-13T08:19:37.865Z,131876937000000,50362405,479036,-487906,-487891,,499981976,499981976,499981976,499966206,49997,2,499981976,499981976,0,1,0,0,,0,3,3,0,3,4,0,0,5633,,0,2,1,
2026-09-13T08:19:37.970Z,131877046000000,50362606,479038,-487887,-487891,,499981976,499981976,499981976,499966206,49997,2,499981976,499981976,0,1,0,0,,0,3,3,0,3,4,0,0,4506,,0,2,1,
2026-09-13T08:19:38.077Z,131877156000000,50362707,479039,-487891,-487891,,499981976,499981976,499981976,499966206,49997,2,499981976,499981976,0,1,0,0,,0,3,3,0,3,4,0,0,4506,,0,2,1,
2026-09-13T08:19:38.183Z,131877250000000,50362814,479040,-487899,-487891,,499981976,499981976,499981976,499966206,49997,2,499981976,499981976,0,1,0,0,,0,3,3,0,3,4,0,0,4506,,0,2,1,
2026-09-13T08:19:38.288Z,131877359000000,50362919,479041,-487895,-487892,,499981976,499983103,499983103,499966206,49997,2,499983103,499983103,0,1,0,0,,0,3,3,0,3,4,0,0,2253,,0,2,1,
2026-09-13T08:19:38.394Z,131877468000000,50363025,479042,-487885,-487892,,499981976,499983103,499983103,499966206,49997,2,499983103,499983103,0,1,0,0,,0,3,3,0,3,4,0,0,1127,,0,2,1,
2026-09-13T08:19:38.499Z,131877578000000,50363130,479043,-487908,-487892,,499981976,499983103,499983103,499966206,49997,2,499983103,499983103,0,1,0,0,,0,3,3,0,3,4,0,0,1127,,0,2,1,
2026-09-13T08:19:38.607Z,131877671000000,50363236,479044,-487908,-487894,,499981976,499985356,499985356,499966206,49997,2,499985356,499985356,0,1,0,0,,0,3,3,0,3,4,0,0,3380,,0,2,1,
2026-09-13T08:19:38.713Z,131877781000000,50363342,479045,-487902,-487896,,499981976,499987609,499987609,499966206,49997,2,499987609,499987609,0,1,0,0,,0,3,3,0,3,4,0,0,5633,,0,2,1,
2026-09-13T08:19:38.909Z,131877984000000,50363448,479046,-487895,-487897,,499989862,499988735,499988735,499966206,49997,2,499988735,499988735,0,1,0,0,,0,3,3,0,3,4,0,0,6759,,0,2,1,
2026-09-13T08:19:39.014Z,131878093000000,50363599,479048,-487897,-487898,,499989862,499989862,499989862,499966206,49997,2,499989862,499989862,0,1,0,0,,0,3,3,0,3,4,0,0,6759,,0,2,1,
2026-09-13T08:19:39.121Z,131878187000000,50363751,479049,-487896,-487898,,499989862,499989862,499989862,499966206,49997,2,499989862,499989862,0,1,0,0,,0,3,3,0,3,4,0,0,6759,,0,2,1,
2026-09-13T08:19:39.228Z,131878296000000,50363857,479050,-487889,-487898,,499989862,499989862,499989862,499966206,49997,2,499989862,499989862,0,1,0,0,,0,3,3,0,3,4,0,0,6759,,0,2,1,
2026-09-13T08:19:39.333Z,131878406000000,50363979,479052,-487890,-487896,,499989862,499987609,499987609,499966206,49997,2,499987609,499987609,0,1,0,0,,0,3,3,0,3,4,0,0,2253,,0,2,1,
2026-09-13T08:19:39.437Z,131878515000000,50364079,479053,-487887,-487895,,499989862,499986482,499986482,499966206,49997,2,499986482,499986482,0,1,0,0,,0,3,3,0,3,4,0,0,3380,,0,2,1,
2026-09-13T08:19:39.542Z,131878609000000,50364180,479054,-487873,-487894,,499989862,499985356,499985356,499966206,49997,2,499985356,499985356,0,1,0,0,,0,3,3,0,3,4,0,0,4506,,0,2,1,
2026-09-13T08:19:39.648Z,131878718000000,50364280,479055,-487887,-487893,,499989862,499984229,499984229,499966206,49997,2,499984229,499984229,0,1,0,0,,0,3,3,0,3,4,0,0,5633,,0,2,1,
2026-09-13T08:19:39.753Z,131878828000000,50364384,479056,-487906,-487892,,499989862,499983103,499983103,499966206,49997,2,499983103,499983103,0,1,0,0,,0,3,3,0,3,4,0,0,6759,,0,2,1,
2026-09-13T08:19:39.947Z,131879015000000,50364490,479057,-487895,-487892,,499983103,499983103,499983103,499966206,49997,2,499983103,499983103,0,1,0,0,,0,3,3,0,3,4,0,0,6759,,0,2,1,
2026-09-13T08:19:40.054Z,131879125000000,50364689,479059,-487876,-487891,,499983103,499981976,499981976,499966206,49997,2,499981976,499981976,0,1,0,0,,0,3,3,0,3,4,0,0,5633,,0,2,1,
2026-09-13T08:19:40.160Z,131879234000000,50364790,479060,-487889,-487890,,499983103,499980850,499980850,499966206,49997,2,499980850,499980850,0,1,0,0,,0,3,3,0,3,4,0,0,5632,,0,2,1,
2026-09-13T08:19:40.266Z,131879343000000,50364896,479061,-487885,-487889,,499983103,499979723,499979723,499966206,49997,2,499979723,499979723,0,1,0,0,,0,3,3,0,3,4,0,0,5633,,0,2,1,
2026-09-13T08:19:40.371Z,131879437000000,50365002,479062,-487869,-487888,,499983103,499978597,499978597,499966206,49997,2,499978597,499978597,0,1,0,0,,0,3,3,0,3,4,0,0,5632,,0,2,1,
2026-09-13T08:19:40.478Z,131879546000000,50365107,479063,-487884,-487887,,499983103,499977470,499977470,499966206,49997,2,499977470,499977470,0,1,0,0,,0,3,3,0,3,4,0,0,5633,,0,2,1,
2026-09-13T08:19:40.584Z,131879656000000,50365214,479064,-487871,-487885,,499983103,499975217,499975217,499966206,49997,2,499975217,499975217,0,1,0,0,,0,3,3,0,3,4,0,0,7886,,0,2,1,
2026-09-13T08:19:40.689Z,131879765000000,50365320,479065,-487884,-487885,,499983103,499975217,499975217,499966206,49997,2,499975217,499975217,0,1,0,0,,0,3,3,0,3,4,0,0,7886,,0,2,1,
2026-09-13T08:19:40.795Z,131879875000000,50365425,479066,-487889,-487885,,499983103,499975217,499975217,499966206,49997,2,499975217,499975217,0,1,0,0,,0,3,3,0,3,4,0,0,6759,,0,2,1,
2026-09-13T08:19:40.991Z,131880062000000,50365531,479067,-487895,-487886,,499979723,499976344,499976344,499966206,49997,2,499976344,499976344,0,1,0,0,,0,3,3,0,3,4,0,0,5633,,0,2,1,
2026-09-13T08:19:41.098Z,131880171000000,50365683,479069,-487914,-487889,,499979723,499979723,499979723,499966206,49997,2,499979723,499979723,0,1,0,0,,0,3,3,0,3,4,0,0,4506,,0,2,1,
2026-09-13T08:19:41.204Z,131880281000000,50365834,479070,-487895,-487891,,499979723,499981976,499981976,499966206,49997,2,499981976,499981976,0,1,0,0,,0,3,3,0,3,4,0,0,6759,,0,2,1,
2026-09-13T08:19:41.310Z,131880390000000,50365940,479071,-487884,-487892,,499979723,499983103,499983103,499966206,49997,2,499983103,499983103,0,1,0,0,,0,3,3,0,3,4,0,0,7886,,0,2,1,
2026-09-13T08:19:41.416Z,131880484000000,50366046,479072,-487887,-487891,,499979723,499981976,499981976,499966206,49997,2,499981976,499981976,0,1,0,0,,0,3,3,0,3,4,0,0,7886,,0,2,1,
2026-09-13T08:19:41.522Z,131880593000000,50366152,479073,-487892,-487890,,499979723,499980850,499980850,499966206,49997,2,499980850,499980850,0,1,0,0,,0,3,3,0,3,4,0,0,7886,,0,2,1,
2026-09-13T08:19:41.628Z,131880703000000,50366258,479074,-487904,-487890,,499979723,499980850,499980850,499966206,49997,2,499980850,499980850,0,1,0,0,,0,3,3,0,3,4,0,0,6759,,0,2,1,
2026-09-13T08:19:41.734Z,131880812000000,50366384,479076,-487882,-487889,,499979723,499979723,499979723,499966206,49997,2,499979723,499979723,0,1,0,0,,0,3,3,0,3,4,0,0,3380,,0,2,1,
2026-09-13T08:19:41.839Z,131880906000000,50366484,479077,-487905,-487888,,499979723,499978597,499978597,499966206,49997,2,499978597,499978597,0,1,0,0,,0,3,3,0,3,4,0,0,4506,,0,2,1,
2026-09-13T08:19:42.031Z,131881109000000,50366584,479078,-487898,-487889,,499980850,499979723,499979723,499966206,49997,2,499979723,499979723,0,1,0,0,,0,3,3,0,3,4,0,0,4506,,0,2,1,
2026-09-13T08:19:42.137Z,131881203000000,50366784,479080,-487887,-487891,,499980850,499981976,499981976,499966206,49997,2,499981976,499981976,0,1,0,0,,0,3,3,0,3,4,0,0,3379,,0,2,1,
2026-09-13T08:19:42.241Z,131881312000000,50366884,479081,-487915,-487892,,499980850,499983103,499983103,499966206,49997,2,499983103,499983103,0,1,0,0,,0,3,3,0,3,4,0,0,4506,,0,2,1,
2026-09-13T08:19:42.348Z,131881421000000,50366985,479082,-487907,-487894,,499980850,499985356,499985356,499966206,49997,2,499985356,499985356,0,1,0,0,,0,3,3,0,3,4,0,0,6759,,0,2,1,
2026-09-13T08:19:42.454Z,131881531000000,50367085,479083,-487892,-487896,,499980850,499987609,499987609,499966206,49997,2,499987609,499987609,0,1,0,0,,0,3,3,0,3,4,0,0,9012,,0,2,1,
2026-09-13T08:19:42.561Z,131881640000000,50367190,479084,-487884,-487895,,499980850,499986482,499986482,499966206,49997,2,499986482,499986482,0,1,0,0,,0,3,3,0,3,4,0,0,9012,,0,2,1,
2026-09-13T08:19:42.666Z,131881734000000,50367297,479085,-487869,-487894,,499980850,499985356,499985356,499966206,49997,2,499985356,499985356,0,1,0,0,,0,3,3,0,3,4,0,0,7886,,0,2,1,
2026-09-13T08:19:42.773Z,131881843000000,50367402,479086,-487882,-487892,,499980850,499983103,499983103,499966206,49997,2,499983103,499983103,0,1,0,0,,0,3,3,0,3,4,0,0,6759,,0,2,1,
2026-09-13T08:19:42.880Z,131881953000000,50367508,479087,-487891,-487891,,499980850,499981976,499981976,499966206,49997,2,499981976,499981976,0,1,0,0,,0,3,3,0,3,4,0,0,5633,,0,2,1,
2026-09-13T08:19:43.073Z,131882140000000,50367617,479088,-487885,-487890,,499980850,499980850,499980850,499966206,49997,2,499980850,499980850,0,1,0,0,,0,3,3,0,3,4,0,0,6759,,0,2,1,
2026-09-13T08:19:43.179Z,131882250000000,50367816,479090,-487905,-487890,,499980850,499980850,499980850,499966206,49997,2,499980850,499980850,0,1,0,0,,0,3,3,0,3,4,0,0,6759,,0,2,1,
2026-09-13T08:19:43.285Z,131882359000000,50367915,479091,-487906,-487892,,499980850,499983103,499983103,499966206,49997,2,499983103,499983103,0,1,0,0,,0,3,3,0,3,4,0,0,5632,,0,2,1,
2026-09-13T08:19:43.390Z,131882468000000,50368021,479092,-487885,-487894,,499980850,499985356,499985356,499966206,49997,2,499985356,499985356,0,1,0,0,,0,3,3,0,3,4,0,0,4506,,0,2,1,
2026-09-13T08:19:43.496Z,131882562000000,50368127,479093,-487895,-487894,,499980850,499985356,499985356,499966206,49997,2,499985356,499985356,0,1,0,0,,0,3,3,0,3,4,0,0,4506,,0,2,1,
2026-09-13T08:19:43.602Z,131882671000000,50368232,479094,-487903,-487894,,499980850,499985356,499985356,499966206,49997,2,499985356,499985356,0,1,0,0,,0,3,3,0,3,4,0,0,4506,,0,2,1,
2026-09-13T08:19:43.709Z,131882781000000,50368338,479095,-487899,-487895,,499980850,499986482,499986482,499966206,49997,2,499986482,499986482,0,1,0,0,,0,3,3,0,3,4,0,0,5632,,0,2,1,
2026-09-13T08:19:43.815Z,131882890000000,50368445,479096,-487904,-487896,,499980850,499987609,499987609,499966206,49997,2,499987609,499987609,0,1,0,0,,0,3,3,0,3,4,0,0,6759,,0,2,1,
2026-09-13T08:19:43.921Z,131883000000000,50368551,479097,-487891,-487896,,499980850,499987609,499987609,499966206,49997,2,499987609,499987609,0,1,0,0,,0,3,3,0,3,4,0,0,6759,,0,2,1,
2026-09-13T08:19:44.115Z,131883187000000,50368657,479098,-487879,-487895,,499985356,499986482,499986482,499966206,49997,2,499986482,499986482,0,1,0,0,,0,3,3,0,3,4,0,0,4506,,0,2,1,
2026-09-13T08:19:44.222Z,131883296000000,50368807,479100,-487914,-487894,,499985356,499985356,499985356,499966206,49997,2,499985356,499985356,0,1,0,0,,0,3,3,0,3,4,0,0,2253,,0,2,1,
2026-09-13T08:19:44.329Z,131883406000000,50368958,479101,-487901,-487895,,499985356,499986482,499986482,499966206,49997,2,499986482,499986482,0,1,0,0,,0,3,3,0,3,4,0,0,2253,,0,2,1,
2026-09-13T08:19:44.435Z,131883515000000,50369066,479102,-487904,-487896,,499985356,499987609,499987609,499966206,49997,2,499987609,499987609,0,1,0,0,,0,3,3,0,3,4,0,0,2253,,0,2,1,
2026-09-13T08:19:44.542Z,131883609000000,50369189,479104,-487901,-487898,,499985356,499989862,499989862,499966206,49997,2,499989862,499989862,0,1,0,0,,0,3,3,0,3,4,0,0,4506,,0,2,1,
2026-09-13T08:19:44.648Z,131883718000000,50369289,479105,-487909,-487899,,499985356,499990988,499990988,499966206,49997,2,499990988,499990988,0,1,0,0,,0,3,3,0,3,4,0,0,5632,,0,2,1,
2026-09-13T08:19:44.754Z,131883828000000,50369389,479106,-487888,-487899,,499985356,499990988,499990988,499966206,49997,2,499990988,499990988,0,1,0,0,,0,3,3,0,3,4,0,0,5632,,0,2,1,
2026-09-13T08:19:44.861Z,131883937000000,50369490,479107,-487878,-487898,,499985356,499989862,499989862,499966206,49997,2,499989862,499989862,0,1,0,0,,0,3,3,0,3,4,0,0,5632,,0,2,1,
2026-09-13T08:19:44.968Z,131884046000000,50369597,479108,-487893,-487897,,499985356,499988735,499988735,499966206,49997,2,499988735,499988735,0,1,0,0,,0,3,3,0,3,4,0,0,4506,,0,2,1,
2026-09-13T08:19:45.164Z,131884234000000,50369704,479109,-487902,-487896,,499988735,499987609,499987609,499966206,49997,2,499987609,499987609,0,1,0,0,,0,3,3,0,3,4,0,0,3379,,0,2,1,
2026-09-13T08:19:45.269Z,131884343000000,50369906,479111,-487883,-487898,,499988735,499989862,499989862,499966206,49997,2,499989862,499989862,0,1,0,0,,0,3,3,0,3,4,0,0,3379,,0,2,1,
2026-09-13T08:19:45.375Z,131884453000000,50370006,479112,-487895,-487898,,499988735,499989862,499989862,499966206,49997,2,499989862,499989862,0,1,0,0,,0,3,3,0,3,4,0,0,3379,,0,2,1,
2026-09-13T08:19:45.481Z,131884546000000,50370112,479113,-487895,-487898,,499988735,499989862,499989862,499966206,49997,2,499989862,499989862,0,1,0,0,,0,3,3,0,3,4,0,0,3379,,0,2,1,
2026-09-13T08:19:45.588Z,131884656000000,50370218,479114,-487898,-487898,,499988735,499989862,499989862,499966206,49997,2,499989862,499989862,0,1,0,0,,0,3,3,0,3,4,0,0,2253,,0,2,1,
2026-09-13T08:19:45.694Z,131884765000000,50370324,479115,-487910,-487898,,499988735,499989862,499989862,499966206,49997,2,499989862,499989862,0,1,0,0,,0,3,3,0,3,4,0,0,2253,,0,2,1,
2026-09-13T08:19:45.801Z,131884875000000,50370430,479116,-487900,-487898,,499988735,499989862,499989862,499966206,49997,2,499989862,499989862,0,1,0,0,,0,3,3,0,3,4,0,0,2253,,0,2,1,
2026-09-13T08:19:45.907Z,131884984000000,50370537,479117,-487906,-487899,,499988735,499990988,499990988,499966206,49997,2,499990988,499990988,0,1,0,0,,0,3,3,0,3,4,0,0,2253,,0,2,1,
2026-09-13T08:19:46.013Z,131885093000000,50370644,479118,-487890,-487899,,499988735,499990988,499990988,499966206,49997,2,499990988,499990988,0,1,0,0,,0,3,3,0,3,4,0,0,1126,,0,2,1,
2026-09-13T08:19:46.208Z,131885281000000,50370750,479119,-487909,-487900,,499993241,499992115,499992115,499966206,49997,2,499992115,499992115,0,1,0,0,,0,3,3,0,3,4,0,0,2253,,0,2,1,
2026-09-13T08:19:46.314Z,131885390000000,50370900,479121,-487892,-487901,,499993241,499993241,499993241,499966206,49997,2,499993241,499993241,0,1,0,0,,0,3,3,0,3,4,0,0,3379,,0,2,1,
2026-09-13T08:19:46.420Z,131885500000000,50371051,479122,-487884,-487900,,499993241,499992115,499992115,499966206,49997,2,499992115,499992115,0,1,0,0,,0,3,3,0,3,4,0,0,3379,,0,2,1,
2026-09-13T08:19:46.526Z,131885593000000,50371157,479123,-487903,-487899,,499993241,499990988,499990988,499966206,49997,2,499990988,499990988,0,1,0,0,,0,3,3,0,3,4,0,0,3379,,0,2,1,
2026-09-13T08:19:46.632Z,131885703000000,50371262,479124,-487891,-487898,,499993241,499989862,499989862,499966206,49997,2,499989862,499989862,0,1,0,0,,0,3,3,0,3,4,0,0,3379,,0,2,1,
2026-09-13T08:19:46.739Z,131885812000000,50371368,479125,-487910,-487899,,499993241,499990988,499990988,499966206,49997,2,499990988,499990988,0,1,0,0,,0,3,3,0,3,4,0,0,3379,,0,2,1,
2026-09-13T08:19:46.845Z,131885921000000,50371493,479127,-487893,-487901,,499993241,499993241,499993241,499966206,49997,2,499993241,499993241,0,1,0,0,,0,3,3,0,3,4,0,0,3379,,0,2,1,
2026-09-13T08:19:46.949Z,131886015000000,50371593,479128,-487903,-487901,,499993241,499993241,499993241,499966206,49997,2,499993241,499993241,0,1,0,0,,0,3,3,0,3,4,0,0,3379,,0,2,1,
2026-09-13T08:19:47.053Z,131886125000000,50371693,479129,-487881,-487900,,499993241,499992115,499992115,499966206,49997,2,499992115,499992115,0,1,0,0,,0,3,3,0,3,4,0,0,3379,,0,2,1,
2026-09-13T08:19:47.247Z,131886312000000,50371794,479130,-487903,-487900,,499992115,499992115,499992115,499966206,49997,2,499992115,499992115,0,1,0,0,,0,3,3,0,3,4,0,0,3379,,0,2,1,
2026-09-13T08:19:47.353Z,131886421000000,50371994,479132,-487893,-487900,,499992115,499992115,499992115,499966206,49997,2,499992115,499992115,0,1,0,0,,0,3,3,0,3,4,0,0,2253,,0,2,1,
2026-09-13T08:19:47.458Z,131886531000000,50372094,479133,-487898,-487900,,499992115,499992115,499992115,499966206,49997,2,499992115,499992115,0,1,0,0,,0,3,3,0,3,4,0,0,1126,,0,2,1,
2026-09-13T08:19:47.563Z,131886640000000,50372195,479134,-487893,-487899,,499992115,499990988,499990988,499966206,49997,2,499990988,499990988,0,1,0,0,,0,3,3,0,3,4,0,0,2253,,0,2,1,
2026-09-13T08:19:47.669Z,131886734000000,50372300,479135,-487884,-487898,,499992115,499989862,499989862,499966206,49997,2,499989862,499989862,0,1,0,0,,0,3,3,0,3,4,0,0,3379,,0,2,1,
2026-09-13T08:19:47.775Z,131886843000000,50372406,479136,-487884,-487896,,499992115,499987609,499987609,499966206,49997,2,499987609,499987609,0,1,0,0,,0,3,3,0,3,4,0,0,4506,,0,2,1,
2026-09-13T08:19:47.881Z,131886953000000,50372512,479137,-487904,-487894,,499992115,499985356,499985356,499966206,49997,2,499985356,499985356,0,1,0,0,,0,3,3,0,3,4,0,0,6759,,0,2,1,
2026-09-13T08:19:47.986Z,131887062000000,50372617,479138,-487900,-487895,,499992115,499986482,499986482,499966206,49997,2,499986482,499986482,0,1,0,0,,0,3,3,0,3,4,0,0,6759,,0,2,1,
2026-09-13T08:19:48.092Z,131887171000000,50372723,479139,-487890,-487896,,499992115,499987609,499987609,499966206,49997,2,499987609,499987609,0,1,0,0,,0,3,3,0,3,4,0,0,6759,,0,2,1,
2026-09-13T08:19:48.287Z,131887359000000,50372828,479140,-487900,-487897,,499988735,499988735,499988735,499966206,49997,2,499988735,499988735,0,1,0,0,,0,3,3,0,3,4,0,0,6759,,0,2,1,
2026-09-13T08:19:48.394Z,131887468000000,50373030,479142,-487895,-487897,,499988735,499988735,499988735,499966206,49997,2,499988735,499988735,0,1,0,0,,0,3,3,0,3,4,0,0,4506,,0,2,1,
2026-09-13T08:19:48.499Z,131887578000000,50373130,479143,-487888,-487897,,499988735,499988735,499988735,499966206,49997,2,499988735,499988735,0,1,0,0,,0,3,3,0,3,4,0,0,3379,,0,2,1,
2026-09-13T08:19:48.604Z,131887671000000,50373236,479144,-487890,-487896,,499988735,499987609,499987609,499966206,49997,2,499987609,499987609,0,1,0,0,,0,3,3,0,3,4,0,0,3379,,0,2,1,
2026-09-13T08:19:48.712Z,131887781000000,50373341,479145,-487899,-487895,,499988735,499986482,499986482,499966206,49997,2,499986482,499986482,0,1,0,0,,0,3,3,0,3,4,0,0,2253,,0,2,1,
2026-09-13T08:19:48.819Z,131887890000000,50373448,479146,-487888,-487894,,499988735,499985356,499985356,499966206,49997,2,499985356,499985356,0,1,0,0,,0,3,3,0,3,4,0,0,3379,,0,2,1,
2026-09-13T08:19:48.925Z,131888000000000,50373556,479147,-487905,-487895,,499988735,499986482,499986482,499966206,49997,2,499986482,499986482,0,1,0,0,,0,3,3,0,3,4,0,0,3379,,0,2,1,
2026-09-13T08:19:49.032Z,131888109000000,50373662,479148,-487914,-487896,,499988735,499987609,499987609,499966206,49997,2,499987609,499987609,0,1,0,0,,0,3,3,0,3,4,0,0,3379,,0,2,1,
2026-09-13T08:19:49.138Z,131888203000000,50373768,479149,-487899,-487897,,499988735,499988735,499988735,499966206,49997,2,499988735,499988735,0,1,0,0,,0,3,3,0,3,4,0,0,3379,,0,2,1,
2026-09-13T08:19:49.332Z,131888406000000,50373875,479150,-487897,-487897,,499989862,499988735,499988735,499966206,49997,2,499988735,499988735,0,1,0,0,,0,3,3,0,3,4,0,0,3379,,0,2,1,
2026-09-13T08:19:49.439Z,131888515000000,50373998,479152,-487905,-487898,,499989862,499989862,499989862,499966206,49997,2,499989862,499989862,0,1,0,0,,0,3,3,0,3,4,0,0,4506,,0,2,1,
2026-09-13T08:19:49.545Z,131888625000000,50374176,479153,-487909,-487899,,499989862,499990988,499990988,499966206,49997,2,499990988,499990988,0,1,0,0,,0,3,3,0,3,4,0,0,5632,,0,2,1,
2026-09-13T08:19:49.650Z,131888718000000,50374298,479155,-487891,-487899,,499989862,499990988,499990988,499966206,49997,2,499990988,499990988,0,1,0,0,,0,3,3,0,3,4,0,0,4506,,0,2,1,
2026-09-13T08:19:49.754Z,131888828000000,50374398,479156,-487881,-487898,,499989862,499989862,499989862,499966206,49997,2,499989862,499989862,0,1,0,0,,0,3,3,0,3,4,0,0,3380,,0,2,1,
2026-09-13T08:19:49.859Z,131888937000000,50374499,479157,-487880,-487896,,499989862,499987609,499987609,499966206,49997,2,499987609,499987609,0,1,0,0,,0,3,3,0,3,4,0,0,4506,,0,2,1,
2026-09-13T08:19:49.965Z,131889031000000,50374599,479158,-487895,-487894,,499989862,499985356,499985356,499966206,49997,2,499985356,499985356,0,1,0,0,,0,3,3,0,3,4,0,0,6759,,0,2,1,
2026-09-13T08:19:50.071Z,131889140000000,50374702,479159,-487903,-487894,,499989862,499985356,499985356,499966206,49997,2,499985356,499985356,0,1,0,0,,0,3,3,0,3,4,0,0,6759,,0,2,1,
2026-09-13T08:19:50.178Z,131889250000000,50374808,479160,-487894,-487894,,499989862,499985356,499985356,499966206,49997,2,499985356,499985356,0,1,0,0,,0,3,3,0,3,4,0,0,6759,,0,2,1,
2026-09-13T08:19:50.373Z,131889453000000,50374915,479161,-487896,-487894,,499985356,499985356,499985356,499966206,49997,2,499985356,499985356,0,1,0,0,,0,3,3,0,3,4,0,0,6759,,0,2,1,
2026-09-13T08:19:50.479Z,131889546000000,50375116,479163,-487900,-487894,,499985356,499985356,499985356,499966206,49997,2,499985356,499985356,0,1,0,0,,0,3,3,0,3,4,0,0,4506,,0,2,1,
2026-09-13T08:19:50.584Z,131889656000000,50375216,479164,-487902,-487895,,499985356,499986482,499986482,499966206,49997,2,499986482,499986482,0,1,0,0,,0,3,3,0,3,4,0,0,2253,,0,2,1,
2026-09-13T08:19:50.691Z,131889765000000,50375322,479165,-487892,-487896,,499985356,499987609,499987609,499966206,49997,2,499987609,499987609,0,1,0,0,,0,3,3,0,3,4,0,0,2253,,0,2,1,
2026-09-13T08:19:50.797Z,131889875000000,50375427,479166,-487908,-487897,,499985356,499988735,499988735,499966206,49997,2,499988735,499988735,0,1,0,0,,0,3,3,0,3,4,0,0,3379,,0,2,1,
2026-09-13T08:19:50.902Z,131889968000000,50375535,479167,-487892,-487896,,499985356,499987609,499987609,499966206,49997,2,499987609,499987609,0,1,0,0,,0,3,3,0,3,4,0,0,3379,,0,2,1,
2026-09-13T08:19:51.009Z,131890078000000,50375640,479168,-487897,-487896,,499985356,499987609,499987609,499966206,49997,2,499987609,499987609,0,1,0,0,,0,3,3,0,3,4,0,0,3379,,0,2,1,
2026-09-13T08:19:51.116Z,131890187000000,50375746,479169,-487892,-487895,,499985356,499986482,499986482,499966206,49997,2,499986482,499986482,0,1,0,0,,0,3,3,0,3,4,0,0,3379,,0,2,1,
2026-09-13T08:19:51.221Z,131890296000000,50375852,479170,-487891,-487895,,499985356,499986482,499986482,499966206,49997,2,499986482,499986482,0,1,0,0,,0,3,3,0,3,4,0,0,3379,,0,2,1,
2026-09-13T08:19:51.418Z,131890484000000,50375958,479171,-487881,-487894,,499983103,499985356,499985356,499966206,49997,2,499985356,499985356,0,1,0,0,,0,3,3,0,3,4,0,0,3379,,0,2,1,
2026-09-13T08:19:51.525Z,131890593000000,50376109,479173,-487883,-487892,,499983103,499983103,499983103,499966206,49997,2,499983103,499983103,0,1,0,0,,0,3,3,0,3,4,0,0,5632,,0,2,1,
2026-09-13T08:19:51.630Z,131890703000000,50376261,479174,-487890,-487891,,499983103,499981976,499981976,499966206,49997,2,499981976,499981976,0,1,0,0,,0,3,3,0,3,4,0,0,5633,,0,2,1,
2026-09-13T08:19:51.736Z,131890812000000,50376367,479175,-487889,-487891,,499983103,499981976,499981976,499966206,49997,2,499981976,499981976,0,1,0,0,,0,3,3,0,3,4,0,0,5633,,0,2,1,
2026-09-13T08:19:51.842Z,131890921000000,50376472,479176,-487896,-487891,,499983103,499981976,499981976,499966206,49997,2,499981976,499981976,0,1,0,0,,0,3,3,0,3,4,0,0,4506,,0,2,1,
2026-09-13T08:19:51.948Z,131891015000000,50376579,479177,-487892,-487891,,499983103,499981976,499981976,499966206,49997,2,499981976,499981976,0,1,0,0,,0,3,3,0,3,4,0,0,4506,,0,2,1,
2026-09-13T08:19:52.052Z,131891125000000,50376703,479179,-487896,-487891,,499983103,499981976,499981976,499966206,49997,2,499981976,499981976,0,1,0,0,,0,3,3,0,3,4,0,0,2253,,0,2,1,
2026-09-13T08:19:52.158Z,131891234000000,50376803,479180,-487888,-487891,,499983103,499981976,499981976,499966206,49997,2,499981976,499981976,0,1,0,0,,0,3,3,0,3,4,0,0,1127,,0,2,1,
2026-09-13T08:19:52.262Z,131891328000000,50376903,479181,-487885,-487891,,499983103,499981976,499981976,499966206,49997,2,499981976,499981976,0,1,0,0,,0,3,3,0,3,4,0,0,0,,0,2,1,
2026-09-13T08:19:52.455Z,131891531000000,50377003,479182,-487889,-487891,,499981976,499981976,499981976,499966206,49997,2,499981976,499981976,0,1,0,0,,0,3,3,0,3,4,0,0,0,,0,2,1,
2026-09-13T08:19:52.560Z,131891640000000,50377204,479184,-487889,-487891,,499981976,499981976,499981976,499966206,49997,2,499981976,499981976,0,1,0,0,,0,3,3,0,3,4,0,0,0,,0,2,1,
2026-09-13T08:19:52.668Z,131891734000000,50377304,479185,-487870,-487891,,499981976,499981976,499981976,499966206,49997,2,499981976,499981976,0,1,0,0,,0,3,3,0,3,4,0,0,0,,0,2,1,
2026-09-13T08:19:52.773Z,131891843000000,50377405,479186,-487880,-487890,,499981976,499980850,499980850,499966206,49997,2,499980850,499980850,0,1,0,0,,0,3,3,0,3,4,0,0,1126,,0,2,1,
2026-09-13T08:19:52.879Z,131891953000000,50377511,479187,-487892,-487889,,499981976,499979723,499979723,499966206,49997,2,499979723,499979723,0,1,0,0,,0,3,3,0,3,4,0,0,2253,,0,2,1,
2026-09-13T08:19:52.984Z,131892062000000,50377616,479188,-487886,-487889,,499981976,499979723,499979723,499966206,49997,2,499979723,499979723,0,1,0,0,,0,3,3,0,3,4,0,0,2253,,0,2,1,
2026-09-13T08:19:53.090Z,131892156000000,50377722,479189,-487879,-487889,,499981976,499979723,499979723,499966206,49997,2,499979723,499979723,0,1,0,0,,0,3,3,0,3,4,0,0,2253,,0,2,1,
2026-09-13T08:19:53.196Z,131892265000000,50377827,479190,-487879,-487888,,499981976,499978597,499978597,499966206,49997,2,499978597,499978597,0,1,0,0,,0,3,3,0,3,4,0,0,3379,,0,2,1,
2026-09-13T08:19:53.301Z,131892375000000,50377932,479191,-487909,-487887,,499981976,499977470,499977470,499966206,49997,2,499977470,499977470,0,1,0,0,,0,3,3,0,3,4,0,0,4506,,0,2,1,
2026-09-13T08:19:53.496Z,131892562000000,50378038,479192,-487914,-487890,,499983103,499980850,499980850,499966206,49997,2,499980850,499980850,0,1,0,0,,0,3,3,0,3,4,0,0,4506,,0,2,1,
2026-09-13T08:19:53.602Z,131892671000000,50378240,479194,-487874,-487892,,499983103,499983103,499983103,499966206,49997,2,499983103,499983103,0,1,0,0,,0,3,3,0,3,4,0,0,5633,,0,2,1,
2026-09-13T08:19:53.708Z,131892781000000,50378339,479195,-487875,-487890,,499983103,499980850,499980850,499966206,49997,2,499980850,499980850,0,1,0,0,,0,3,3,0,3,4,0,0,5633,,0,2,1,
2026-09-13T08:19:53.815Z,131892890000000,50378445,479196,-487897,-487888,,499983103,499978597,499978597,499966206,49997,2,499978597,499978597,0,1,0,0,,0,3,3,0,3,4,0,0,5633,,0,2,1,
2026-09-13T08:19:53.920Z,131893000000000,50378552,479197,-487888,-487888,,499983103,499978597,499978597,499966206,49997,2,499978597,499978597,0,1,0,0,,0,3,3,0,3,4,0,0,5633,,0,2,1,
2026-09-13T08:19:54.027Z,131893093000000,50378657,479198,-487908,-487889,,499983103,499979723,499979723,499966206,49997,2,499979723,499979723,0,1,0,0,,0,3,3,0,3,4,0,0,5633,,0,2,1,
2026-09-13T08:19:54.133Z,131893203000000,50378764,479199,-487890,-487889,,499983103,499979723,499979723,499966206,49997,2,499979723,499979723,0,1,0,0,,0,3,3,0,3,4,0,0,4506,,0,2,1,
2026-09-13T08:19:54.240Z,131893312000000,50378869,479200,-487901,-487891,,499983103,499981976,499981976,499966206,49997,2,499981976,499981976,0,1,0,0,,0,3,3,0,3,4,0,0,4506,,0,2,1,
2026-09-13T08:19:54.346Z,131893421000000,50378977,479201,-487901,-487892,,499983103,499983103,499983103,499966206,49997,2,499983103,499983103,0,1,0,0,,0,3,3,0,3,4,0,0,4506,,0,2,1,
2026-09-13T08:19:54.540Z,131893609000000,50379083,479202,-487898,-487893,,499986482,499984229,499984229,499966206,49997,2,499984229,499984229,0,1,0,0,,0,3,3,0,3,4,0,0,5632,,0,2,1,
2026-09-13T08:19:54.647Z,131893718000000,50379208,479204,-487917,-487895,,499986482,499986482,499986482,499966206,49997,2,499986482,499986482,0,1,0,0,,0,3,3,0,3,4,0,0,7885,,0,2,1,
2026-09-13T08:19:54.753Z,131893828000000,50379384,479205,-487916,-487898,,499986482,499989862,499989862,499966206,49997,2,499989862,499989862,0,1,0,0,,0,3,3,0,3,4,0,0,10139,,0,2,1,
2026-09-13T08:19:54.860Z,131893937000000,50379508,479207,-487889,-487901,,499986482,499993241,499993241,499966206,49997,2,499993241,499993241,0,1,0,0,,0,3,3,0,3,4,0,0,11265,,0,2,1,
2026-09-13T08:19:54.965Z,131894031000000,50379609,479208,-487896,-487900,,499986482,499992115,499992115,499966206,49997,2,499992115,499992115,0,1,0,0,,0,3,3,0,3,4,0,0,10138,,0,2,1,
2026-09-13T08:19:55.069Z,131894140000000,50379709,479209,-487902,-487899,,499986482,499990988,499990988,499966206,49997,2,499990988,499990988,0,1,0,0,,0,3,3,0,3,4,0,0,9012,,0,2,1,
2026-09-13T08:19:55.174Z,131894250000000,50379809,479210,-487891,-487899,,499986482,499990988,499990988,499966206,49997,2,499990988,499990988,0,1,0,0,,0,3,3,0,3,4,0,0,7885,,0,2,1,
2026-09-13T08:19:55.281Z,131894359000000,50379912,479211,-487890,-487898,,499986482,499989862,499989862,499966206,49997,2,499989862,499989862,0,1,0,0,,0,3,3,0,3,4,0,0,6759,,0,2,1,
2026-09-13T08:19:55.387Z,131894453000000,50380019,479212,-487896,-487897,,499986482,499988735,499988735,499966206,49997,2,499988735,499988735,0,1,0,0,,0,3,3,0,3,4,0,0,4506,,0,2,1,
2026-09-13T08:19:55.582Z,131894656000000,50380125,479213,-487911,-487897,,499988735,499988735,499988735,499966206,49997,2,499988735,499988735,0,1,0,0,,0,3,3,0,3,4,0,0,4506,,0,2,1,
2026-09-13T08:19:55.688Z,131894765000000,50380326,479215,-487896,-487897,,499988735,499988735,499988735,499966206,49997,2,499988735,499988735,0,1,0,0,,0,3,3,0,3,4,0,0,3380,,0,2,1,
2026-09-13T08:19:55.794Z,131894859000000,50380425,479216,-487890,-487897,,499988735,499988735,499988735,499966206,49997,2,499988735,499988735,0,1,0,0,,0,3,3,0,3,4,0,0,2253,,0,2,1,
2026-09-13T08:19:55.900Z,131894968000000,50380531,479217,-487895,-487897,,499988735,499988735,499988735,499966206,49997,2,499988735,499988735,0,1,0,0,,0,3,3,0,3,4,0,0,2253,,0,2,1,
