utc,host_monotonic_ns,firmware,map,signature,gross_ug,raw_adc,filtered_adc_counts,display_count,status_flags,sample_sequence,mcu_uptime_ms,fault,overrun,dirty,revision,saved_revision,calibration_valid,mode,state,reason,limited,offset_ug,candidate_gross_ug,candidate_uncompensated_ug,candidate_sequence,candidate_mcu_ms,gate_count,rebuild_count,boost_samples,obvious_sequence,robust_sequence,quiet_sequence,reference_lock_sequence,first_correction_sequence,application,save_count,checkweigh_mode,sample_pair_matched,aux_fields_note
2026-09-28T04:10:44.720431+00:00,311928750000000,1309,261,41276,279335,42132,42116,28,63,4630,464657,0,0,0,19,19,1,0,0,0,0,0,279335,279335,4630,464657,0,0,0,0,0,0,0,0,0,0,0,1,latest_1s_poll_not_same_sample
2026-09-28T04:10:44.795303+00:00,311928812000000,1309,261,41276,282714,42108,42119,28,63,4631,464757,0,0,0,19,19,1,0,0,0,0,0,282714,282714,4631,464757,0,0,0,0,0,0,0,0,0,0,0,1,latest_1s_poll_not_same_sample
2026-09-28T04:10:44.841813+00:00,311928859000000,1309,261,41276,282714,42108,42119,28,63,4631,464757,0,0,0,19,19,1,0,0,0,0,0,282714,282714,4631,464757,0,0,0,0,0,0,0,0,0,0,0,1,latest_1s_poll_not_same_sample
2026-09-28T04:10:44.888825+00:00,311928906000000,1309,261,41276,282714,42118,42119,28,63,4632,464857,0,0,0,19,19,1,0,0,0,0,0,282714,282714,4632,464857,0,0,0,0,0,0,0,0,0,0,0,1,latest_1s_poll_not_same_sample
2026-09-28T04:10:44.936339+00:00,311928953000000,1309,261,41276,282714,42118,42119,28,63,4632,464857,0,0,0,19,19,1,0,0,0,0,0,282714,282714,4632,464857,0,0,0,0,0,0,0,0,0,0,0,1,latest_1s_poll_not_same_sample
2026-09-28T04:10:44.983201+00:00,311929000000000,1309,261,41276,278208,42119,42115,28,63,4633,464958,0,0,0,19,19,1,0,0,0,0,0,278208,278208,4633,464958,0,0,0,0,0,0,0,0,0,0,0,1,latest_1s_poll_not_same_sample
2026-09-28T04:10:45.029253+00:00,311929046000000,1309,261,41276,278208,42119,42115,28,63,4633,464958,0,0,0,19,19,1,0,0,0,0,0,278208,278208,4633,464958,0,0,0,0,0,0,0,0,0,0,0,1,latest_1s_poll_not_same_sample
2026-09-28T04:10:45.075798+00:00,311929093000000,1309,261,41276,278208,42119,42115,28,63,4633,464958,0,0,0,19,19,1,0,0,0,0,0,277082,277082,4634,465058,0,0,0,0,0,0,0,0,0,0,0,0,latest_1s_poll_not_same_sample
2026-09-28T04:10:45.122292+00:00,311929140000000,1309,261,41276,277082,42106,42114,28,63,4634,465058,0,0,0,19,19,1,0,0,0,0,0,277082,277082,4634,465058,0,0,0,0,0,0,0,0,0,0,0,1,latest_1s_poll_not_same_sample
2026-09-28T04:10:45.169296+00:00,311929187000000,1309,261,41276,277082,42106,42114,28,63,4634,465058,0,0,0,19,19,1,0,0,0,0,0,272577,272577,4635,465158,0,0,0,0,0,0,0,0,0,0,0,0,latest_1s_poll_not_same_sample
2026-09-28T04:10:45.217330+00:00,311929234000000,1309,261,41276,272577,42106,42110,28,63,4635,465158,0,0,0,19,19,1,0,0,0,0,0,272577,272577,4635,465158,0,0,0,0,0,0,0,0,0,0,0,1,latest_1s_poll_not_same_sample
2026-09-28T04:10:45.265842+00:00,311929281000000,1309,261,41276,272577,42106,42110,28,63,4635,465158,0,0,0,19,19,1,0,0,0,0,0,271450,271450,4636,465258,0,0,0,0,0,0,0,0,0,0,0,0,latest_1s_poll_not_same_sample
2026-09-28T04:10:45.314892+00:00,311929343000000,1309,261,41276,271450,42116,42109,28,63,4636,465258,0,0,0,19,19,1,0,0,0,0,0,271450,271450,4636,465258,0,0,0,0,0,0,0,0,0,0,0,1,latest_1s_poll_not_same_sample
2026-09-28T04:10:45.365448+00:00,311929390000000,1309,261,41276,271450,42116,42109,28,63,4636,465258,0,0,0,19,19,1,0,0,0,0,0,278208,278208,4637,465358,0,0,0,0,0,0,0,0,0,0,0,0,latest_1s_poll_not_same_sample
2026-09-28T04:10:45.413456+00:00,311929437000000,1309,261,41276,278208,42123,42115,28,63,4637,465358,0,0,0,19,19,1,0,0,0,0,0,278208,278208,4637,465358,0,0,0,0,0,0,0,0,0,0,0,1,latest_1s_poll_not_same_sample
2026-09-28T04:10:45.463967+00:00,311929484000000,1309,261,41276,278208,42123,42115,28,63,4637,465358,0,0,0,19,19,1,0,0,0,0,0,282714,282714,4638,465459,0,0,0,0,0,0,0,0,0,0,0,0,latest_1s_poll_not_same_sample
2026-09-28T04:10:45.513664+00:00,311929531000000,1309,261,41276,282714,42118,42119,28,63,4638,465459,0,0,0,19,19,1,0,0,0,0,0,282714,282714,4638,465459,0,0,0,0,0,0,0,0,0,0,0,1,latest_1s_poll_not_same_sample
2026-09-28T04:10:45.559691+00:00,311929578000000,1309,261,41276,282714,42118,42119,28,63,4638,465459,0,0,0,19,19,1,0,0,0,0,0,282714,282714,4638,465459,0,0,0,0,0,0,0,0,0,0,0,1,latest_1s_poll_not_same_sample
2026-09-28T04:10:45.606257+00:00,311929625000000,1309,261,41276,284966,42121,42121,28,63,4639,465559,0,0,0,19,19,1,0,0,0,0,0,284966,284966,4639,465559,0,0,0,0,0,0,0,0,0,0,0,1,latest_1s_poll_not_same_sample
2026-09-28T04:10:45.654291+00:00,311929671000000,1309,261,41276,284966,42121,42121,28,63,4639,465559,0,0,0,19,19,1,0,0,0,0,0,284966,284966,4639,465559,0,0,0,0,0,0,0,0,0,0,0,1,latest_1s_poll_not_same_sample
2026-09-28T04:10:45.701908+00:00,311929718000000,1309,261,41276,286093,42128,42122,28,63,4640,465659,0,0,0,19,19,1,0,0,0,0,0,286093,286093,4640,465659,0,0,0,0,0,0,0,0,0,0,0,1,latest_1s_poll_not_same_sample
2026-09-28T04:10:45.748936+00:00,311929765000000,1309,261,41276,286093,42128,42122,28,63,4640,465659,0,0,0,19,19,1,0,0,0,0,0,286093,286093,4640,465659,0,0,0,0,0,0,0,0,0,0,0,1,latest_1s_poll_not_same_sample
2026-09-28T04:10:45.822451+00:00,311929843000000,1309,261,41276,286093,42116,42122,28,63,4641,465759,0,0,0,19,19,1,0,0,0,0,0,286093,286093,4641,465759,0,0,0,0,0,0,0,0,0,0,0,1,latest_1s_poll_not_same_sample
2026-09-28T04:10:45.869460+00:00,311929890000000,1309,261,41276,286093,42116,42122,28,63,4641,465759,0,0,0,19,19,1,0,0,0,0,0,278208,278208,4642,465859,0,0,0,0,0,0,0,0,0,0,0,0,latest_1s_poll_not_same_sample
2026-09-28T04:10:45.917468+00:00,311929937000000,1309,261,41276,278208,42100,42115,28,63,4642,465859,0,0,0,19,19,1,0,0,0,0,0,278208,278208,4642,465859,0,0,0,0,0,0,0,0,0,0,0,1,latest_1s_poll_not_same_sample
2026-09-28T04:10:45.965551+00:00,311929984000000,1309,261,41276,278208,42100,42115,28,63,4642,465859,0,0,0,19,19,1,0,0,0,0,0,271450,271450,4643,465959,0,0,0,0,0,0,0,0,0,0,0,0,latest_1s_poll_not_same_sample
2026-09-28T04:10:46.013623+00:00,311930031000000,1309,261,41276,271450,42111,42109,28,63,4643,465959,0,0,0,19,19,1,0,0,0,0,0,271450,271450,4643,465959,0,0,0,0,0,0,0,0,0,0,0,1,latest_1s_poll_not_same_sample
2026-09-28T04:10:46.064724+00:00,311930093000000,1309,261,41276,271450,42111,42109,28,63,4643,465959,0,0,0,19,19,1,0,0,0,0,0,271450,271450,4643,465959,0,0,0,0,0,0,0,0,0,0,0,1,latest_1s_poll_not_same_sample
2026-09-28T04:10:46.113436+00:00,311930140000000,1309,261,41276,265818,42101,42104,28,63,4644,466060,0,0,0,19,19,1,0,0,0,0,0,265818,265818,4644,466060,0,0,0,0,0,0,0,0,0,0,0,1,latest_1s_poll_not_same_sample
2026-09-28T04:10:46.164973+00:00,311930187000000,1309,261,41276,265818,42101,42104,28,63,4644,466060,0,0,0,19,19,1,0,0,0,0,0,265818,265818,4644,466060,0,0,0,0,0,0,0,0,0,0,0,1,latest_1s_poll_not_same_sample
2026-09-28T04:10:46.211478+00:00,311930234000000,1309,261,41276,268071,42106,42106,28,63,4645,466160,0,0,0,19,19,1,0,0,0,0,0,268071,268071,4645,466160,0,0,0,0,0,0,0,0,0,0,0,1,latest_1s_poll_not_same_sample
2026-09-28T04:10:46.258990+00:00,311930281000000,1309,261,41276,268071,42106,42106,28,63,4645,466160,0,0,0,19,19,1,0,0,0,0,0,268071,268071,4645,466160,0,0,0,0,0,0,0,0,0,0,0,1,latest_1s_poll_not_same_sample
2026-09-28T04:10:46.305549+00:00,311930328000000,1309,261,41276,274829,42128,42112,28,63,4646,466260,0,0,0,19,19,1,0,0,0,0,0,274829,274829,4646,466260,0,0,0,0,0,0,0,0,0,0,0,1,latest_1s_poll_not_same_sample
2026-09-28T04:10:46.354177+00:00,311930375000000,1309,261,41276,274829,42128,42112,28,63,4646,466260,0,0,0,19,19,1,0,0,0,0,0,274829,274829,4646,466260,0,0,0,0,0,0,0,0,0,0,0,1,latest_1s_poll_not_same_sample
2026-09-28T04:10:46.400187+00:00,311930421000000,1309,261,41276,281587,42119,42118,28,63,4647,466360,0,0,0,19,19,1,0,0,0,0,0,281587,281587,4647,466360,0,0,0,0,0,0,0,0,0,0,0,1,latest_1s_poll_not_same_sample
2026-09-28T04:10:46.446770+00:00,311930468000000,1309,261,41276,281587,42119,42118,28,63,4647,466360,0,0,0,19,19,1,0,0,0,0,0,281587,281587,4647,466360,0,0,0,0,0,0,0,0,0,0,0,1,latest_1s_poll_not_same_sample
2026-09-28T04:10:46.493781+00:00,311930515000000,1309,261,41276,290598,42131,42126,28,63,4648,466460,0,0,0,19,19,1,0,0,0,0,0,290598,290598,4648,466460,0,0,0,0,0,0,0,0,0,0,0,1,latest_1s_poll_not_same_sample
2026-09-28T04:10:46.542292+00:00,311930562000000,1309,261,41276,290598,42131,42126,28,63,4648,466460,0,0,0,19,19,1,0,0,0,0,0,290598,290598,4648,466460,0,0,0,0,0,0,0,0,0,0,0,1,latest_1s_poll_not_same_sample
2026-09-28T04:10:46.589302+00:00,311930609000000,1309,261,41276,292851,42135,42128,28,63,4649,466561,0,0,0,19,19,1,0,0,0,0,0,292851,292851,4649,466561,0,0,0,0,0,0,0,0,0,0,0,1,latest_1s_poll_not_same_sample
2026-09-28T04:10:46.636387+00:00,311930656000000,1309,261,41276,292851,42135,42128,28,63,4649,466561,0,0,0,19,19,1,0,0,0,0,0,292851,292851,4649,466561,0,0,0,0,0,0,0,0,0,0,0,1,latest_1s_poll_not_same_sample
2026-09-28T04:10:46.685515+00:00,311930703000000,1309,261,41276,301862,42141,42136,28,63,4650,466661,0,0,0,19,19,1,0,0,0,0,0,301862,301862,4650,466661,0,0,0,0,0,0,0,0,0,0,0,1,latest_1s_poll_not_same_sample
2026-09-28T04:10:46.733797+00:00,311930750000000,1309,261,41276,301862,42141,42136,28,63,4650,466661,0,0,0,19,19,1,0,0,0,0,0,301862,301862,4650,466661,0,0,0,0,0,0,0,0,0,0,0,1,latest_1s_poll_not_same_sample
2026-09-28T04:10:46.780808+00:00,311930796000000,1309,261,41276,301862,42141,42136,28,63,4650,466661,0,0,0,19,19,1,0,0,0,0,0,301862,301862,4651,466761,0,0,0,0,0,0,0,0,0,0,0,0,latest_1s_poll_not_same_sample
2026-09-28T04:10:46.853378+00:00,311930875000000,1309,261,41276,301862,42131,42136,28,63,4651,466761,0,0,0,19,19,1,0,0,0,0,0,301862,301862,4651,466761,0,0,0,0,0,0,0,0,0,0,0,1,latest_1s_poll_not_same_sample
2026-09-28T04:10:46.901389+00:00,311930921000000,1309,261,41276,300735,42132,42135,28,63,4652,466861,0,0,0,19,19,1,0,0,0,0,0,300735,300735,4652,466861,0,0,0,0,0,0,0,0,0,0,0,1,latest_1s_poll_not_same_sample
2026-09-28T04:10:46.949899+00:00,311930968000000,1309,261,41276,300735,42132,42135,28,63,4652,466861,0,0,0,19,19,1,0,0,0,0,0,300735,300735,4652,466861,0,0,0,0,0,0,0,0,0,0,0,1,latest_1s_poll_not_same_sample
2026-09-28T04:10:46.996910+00:00,311931015000000,1309,261,41276,293977,42123,42129,28,63,4653,466961,0,0,0,19,19,1,0,0,0,0,0,293977,293977,4653,466961,0,0,0,0,0,0,0,0,0,0,0,1,latest_1s_poll_not_same_sample
2026-09-28T04:10:47.044012+00:00,311931062000000,1309,261,41276,293977,42123,42129,28,63,4653,466961,0,0,0,19,19,1,0,0,0,0,0,293977,293977,4653,466961,0,0,0,0,0,0,0,0,0,0,0,1,latest_1s_poll_not_same_sample
2026-09-28T04:10:47.092524+00:00,311931109000000,1309,261,41276,289472,42120,42125,28,63,4654,467061,0,0,0,19,19,1,0,0,0,0,0,289472,289472,4654,467061,0,0,0,0,0,0,0,0,0,0,0,1,latest_1s_poll_not_same_sample
2026-09-28T04:10:47.140033+00:00,311931156000000,1309,261,41276,289472,42120,42125,28,63,4654,467061,0,0,0,19,19,1,0,0,0,0,0,289472,289472,4654,467061,0,0,0,0,0,0,0,0,0,0,0,1,latest_1s_poll_not_same_sample
2026-09-28T04:10:47.186541+00:00,311931203000000,1309,261,41276,280461,42107,42117,28,63,4655,467162,0,0,0,19,19,1,0,0,0,0,0,280461,280461,4655,467162,0,0,0,0,0,0,0,0,0,0,0,1,latest_1s_poll_not_same_sample
2026-09-28T04:10:47.233549+00:00,311931250000000,1309,261,41276,280461,42107,42117,28,63,4655,467162,0,0,0,19,19,1,0,0,0,0,0,280461,280461,4655,467162,0,0,0,0,0,0,0,0,0,0,0,1,latest_1s_poll_not_same_sample
2026-09-28T04:10:47.280060+00:00,311931296000000,1309,261,41276,280461,42107,42117,28,63,4655,467162,0,0,0,19,19,1,0,0,0,0,0,284966,284966,4656,467262,0,0,0,0,0,0,0,0,0,0,0,0,latest_1s_poll_not_same_sample
2026-09-28T04:10:47.325649+00:00,311931343000000,1309,261,41276,284966,42136,42121,28,63,4656,467262,0,0,0,19,19,1,0,0,0,0,0,284966,284966,4656,467262,0,0,0,0,0,0,0,0,0,0,0,1,latest_1s_poll_not_same_sample
2026-09-28T04:10:47.373794+00:00,311931390000000,1309,261,41276,284966,42136,42121,28,63,4656,467262,0,0,0,19,19,1,0,0,0,0,0,287219,287219,4657,467362,0,0,0,0,0,0,0,0,0,0,0,0,latest_1s_poll_not_same_sample
2026-09-28T04:10:47.421305+00:00,311931437000000,1309,261,41276,287219,42126,42123,28,63,4657,467362,0,0,0,19,19,1,0,0,0,0,0,287219,287219,4657,467362,0,0,0,0,0,0,0,0,0,0,0,1,latest_1s_poll_not_same_sample
2026-09-28T04:10:47.469314+00:00,311931500000000,1309,261,41276,287219,42126,42123,28,63,4657,467362,0,0,0,19,19,1,0,0,0,0,0,288345,288345,4658,467462,0,0,0,0,0,0,0,0,0,0,0,0,latest_1s_poll_not_same_sample
2026-09-28T04:10:47.516321+00:00,311931546000000,1309,261,41276,288345,42111,42124,28,63,4658,467462,0,0,0,19,19,1,0,0,0,0,0,288345,288345,4658,467462,0,0,0,0,0,0,0,0,0,0,0,1,latest_1s_poll_not_same_sample
2026-09-28T04:10:47.563423+00:00,311931593000000,1309,261,41276,288345,42111,42124,28,63,4658,467462,0,0,0,19,19,1,0,0,0,0,0,288345,288345,4658,467462,0,0,0,0,0,0,0,0,0,0,0,1,latest_1s_poll_not_same_sample
